{"stats":{"minecraft:used":{"minecraft:chest":1,"biomesoplenty:bramble":2,"minecraft:soul_sand":4,"biomesoplenty:mahogany_wood":3,"minecraft:nether_bricks":13,"minecraft:obsidian":10,"farmersdelight:cutting_board":1,"minecraft:bow":154,"minecraft:furnace":2,"mowziesmobs:foliaath_seed":4,"epicfight:skillbook":8,"minecraft:blackstone_stairs":4,"minecraft:wooden_pickaxe":111,"epicfight:iron_longsword":28,"minecraft:diamond_axe":287,"epicfight:iron_tachi":4,"minecraft:birch_fence":1,"minecraft:melon_slice":9,"minecraft:gravel":17,"minecraft:diamond_sword":520,"minecraft:smithing_table":1,"minecraft:andesite":10,"sophisticatedbackpacks:iron_backpack":3,"minecraft:flint_and_steel":28,"minecraft:stone_shovel":43,"minecraft:netherrack":351,"simpletomb:grave_key":73,"minecraft:torch":8,"minecraft:dirt":29,"minecraft:anvil":1,"minecraft:nether_brick_slab":1,"wom:iron_greataxe":353,"epicfight:iron_greatsword":23,"minecraft:iron_axe":130,"minecraft:crimson_planks":8,"minecraft:soul_soil":1,"minecraft:cobbled_deepslate":1,"minecraft:golden_axe":49,"sophisticatedbackpacks:gold_backpack":1,"epicfight:iron_spear":6,"minecraft:lodestone":1,"minecraft:crafting_table":1,"minecraft:campfire":1,"architects_palette:monazite_rod":3,"minecraft:diamond_pickaxe":1112,"minecraft:iron_pickaxe":184,"minecraft:cracked_nether_bricks":3,"minecraft:stone_axe":14,"knight_quest:chalice_state_0":1,"minecraft:cobblestone":180,"minecraft:cooked_porkchop":51,"alexsmobs:animal_dictionary":1},"minecraft:picked_up":{"minecraft:iron_chestplate":4,"minecraft:nether_brick_fence":16,"undead_unleashed:cursed_cloth":2,"minecraft:lead":20,"minecraft:golden_shovel":1,"minecraft:nether_brick":12,"epicfight:iron_longsword":1,"minecraft:string":11,"minecraft:soul_soil":1,"minecraft:raw_copper":64,"minecraft:iron_leggings":5,"alexsmobs:dropbear_claw":24,"alexsmobs:blood_sac":8,"minecraft:diamond_leggings":2,"minecraft:gold_nugget":18,"minecraft:cobbled_deepslate":10,"undead_unleashed:grave_metal_sword":4,"minecraft:melon_slice":21,"minecraft:furnace":1,"minecraft:iron_boots":5,"minecraft:tipped_arrow":1,"minecraft:golden_helmet":1,"apotheosis:gem":14,"minecraft:stick":8,"born_in_chaos_v1:shattered_skull":1,"undead_unleashed:demon_horn":1,"minecraft:torch":1,"epicfight:skillbook":8,"undead_unleashed:ghost_pepper":1,"minecraft:porkchop":3,"minecraft:golden_axe":1,"orcz:squigs_claws":2,"born_in_chaos_v1:nightmare_claw":1,"minecraft:golden_chestplate":5,"minecraft:chiseled_nether_bricks":2,"minecraft:stone_sword":5,"minecraft:rotten_flesh":40,"undead_unleashed:shaded_brick_stairs":2,"minecraft:blaze_rod":38,"epicfight:stray_robe":1,"minecraft:obsidian":9,"minecraft:cobblestone":407,"paraglider:paraglider":2,"minecraft:magma_block":3,"orcz:orcteeth":5,"minecraft:magma_cream":1,"smallships:birch_brigg":1,"minecraft:andesite":10,"minecraft:jungle_log":3,"minecraft:golden_leggings":3,"paraglider:spirit_orb":8,"minecraft:flint":2,"minecraft:wither_skeleton_skull":1,"minecraft:lapis_lazuli":28,"minecraft:dirt":104,"minecraft:lantern":1,"minecraft:bone":96,"knight_quest:kq_goblet_filled":1,"epicfight:iron_greatsword":2,"minecraft:bow":3,"minecraft:wheat_seeds":20,"minecraft:glowstone_dust":22,"magistuarmory:diamond_rondache":1,"minecraft:bamboo":11,"minecraft:mossy_stone_brick_stairs":1,"magistuarmory:minicrown_decoration":1,"minecraft:cooked_porkchop":66,"orcz:orcagaric":1,"minecraft:nether_brick_stairs":1,"sophisticatedbackpacks:iron_backpack":1,"minecraft:grass_block":2,"minecraft:dark_oak_log":2,"biomesoplenty:hellbark_log":3,"minecraft:diamond":33,"minecraft:soul_lantern":2,"epicfight:iron_dagger":2,"undead_unleashed:mossy_shaded_bricks":1,"minecraft:emerald":3,"orcz:ironscrap":6,"minecraft:oak_sapling":4,"minecraft:netherrack":737,"minecraft:crimson_roots":1,"sophisticatedbackpacks:gold_backpack":1,"minecraft:nether_wart":2,"born_in_chaos_v1:seedof_chaos":2,"minecraft:turtle_helmet":1,"minecraft:chain":1,"minecraft:shield":3,"biomesoplenty:rose_quartz_shard":3,"epicfight:iron_tachi":1,"minecraft:iron_axe":1,"minecraft:item_frame":4,"minecraft:blackstone":11,"minecraft:candle":5,"born_in_chaos_v1:gnawed_bones":1,"minecraft:chest":1,"crittersandcompanions:clam":1,"minecraft:egg":1,"minecraft:raw_iron":20,"minecraft:spruce_fence":1,"minecraft:fire_charge":6,"born_in_chaos_v1:pieceofdarkmetal":5,"undead_unleashed:chiseled_shaded_bricks":1,"minecraft:redstone":22,"minecraft:tnt":9,"minecraft:arrow":48,"minecraft:diamond_chestplate":3,"minecraft:weeping_vines":2,"minecraft:nether_bricks":15,"undead_unleashed:cracked_shaded_bricks":1,"crittersandcompanions:silk":3,"architects_palette:withered_bone":56,"minecraft:gold_ingot":7,"minecraft:polished_blackstone":2,"minecraft:nether_brick_wall":1,"minecraft:bone_block":4,"born_in_chaos_v1:fused_bone":6,"born_in_chaos_v1:corpse_maggot":27,"minecraft:basalt":1,"born_in_chaos_v1:monster_flesh":3,"minecraft:crimson_stem":2,"minecraft:oak_log":7,"minecraft:gunpowder":8,"minecraft:nether_wart_block":1,"architects_palette:monazite_rod":3,"undead_unleashed:charstone_shard":256,"minecraft:apple":1,"mowziesmobs:foliaath_seed":4,"minecraft:rabbit_hide":1,"minecraft:iron_ingot":68,"minecraft:soul_sand":7,"sophisticatedbackpacks:diamond_backpack":1,"minecraft:book":33,"undead_unleashed:ashthorn":2,"epicfight:stone_greatsword":1,"epicfight:iron_spear":1,"minecraft:quartz":5,"born_in_chaos_v1:ethereal_spirit":1,"minecraft:cracked_nether_bricks":3,"minecraft:gravel":50,"orcz:orcamanita":1,"undead_unleashed:grave_metal_scrap":41,"minecraft:spruce_sapling":2,"minecraft:blast_furnace":2,"minecraft:nether_brick_slab":1,"minecraft:crying_obsidian":1,"minecraft:mossy_stone_brick_slab":1,"minecraft:spider_eye":2,"minecraft:leather_helmet":1,"biomesoplenty:bramble":26,"minecraft:stone_axe":1,"minecraft:iron_helmet":3,"knight_quest:kq_great_essence":4,"undead_unleashed:grave_metal_axe":1,"minecraft:lodestone":1,"orcz:orceye":1,"minecraft:coal":29,"minecraft:ender_pearl":3},"minecraft:custom":{"minecraft:interact_with_crafting_table":32,"minecraft:open_barrel":1,"goblintraders:trade_with_goblin":18,"minecraft:leave_game":23,"minecraft:time_since_death":231396,"minecraft:damage_resisted":30,"minecraft:sprint_one_cm":1682178,"minecraft:drop":19,"minecraft:talked_to_villager":2,"minecraft:play_time":602626,"minecraft:deaths":5,"minecraft:jump":6282,"minecraft:interact_with_brewingstand":6,"minecraft:walk_on_water_one_cm":48329,"minecraft:interact_with_furnace":14,"minecraft:sleep_in_bed":8,"minecraft:damage_dealt":73380,"minecraft:crouch_one_cm":54255,"minecraft:interact_with_smithing_table":2,"minecraft:mob_kills":363,"minecraft:damage_dealt_resisted":3576,"minecraft:climb_one_cm":129351,"minecraft:walk_one_cm":3976075,"minecraft:damage_dealt_absorbed":10332,"minecraft:sneak_time":11308,"minecraft:walk_under_water_one_cm":21736,"minecraft:total_world_time":602626,"minecraft:time_since_rest":238172,"minecraft:damage_taken":2653,"minecraft:damage_absorbed":19046,"minecraft:trigger_trapped_chest":4,"minecraft:swim_one_cm":67951,"minecraft:fly_one_cm":1689043,"minecraft:open_chest":354,"minecraft:fall_one_cm":151405},"minecraft:broken":{"minecraft:golden_helmet":1,"minecraft:iron_boots":1,"minecraft:iron_chestplate":1,"wom:iron_greataxe":1,"minecraft:wooden_pickaxe":1,"minecraft:golden_axe":1,"minecraft:iron_axe":1,"minecraft:iron_helmet":2},"minecraft:mined":{"minecraft:mossy_stone_brick_slab":1,"minecraft:jungle_leaves":14,"minecraft:obsidian":8,"biomesoplenty:bramble":27,"minecraft:grass_block":34,"minecraft:jungle_log":1,"minecraft:soul_soil":1,"minecraft:nether_wart":1,"minecraft:spawner":4,"minecraft:weeping_vines_plant":2,"minecraft:magma_block":3,"minecraft:glowstone":8,"minecraft:iron_ore":1,"minecraft:fire":95,"biomesoplenty:violet":1,"minecraft:deepslate_lapis_ore":4,"biomesoplenty:hellbark_log":3,"minecraft:nether_brick_stairs":1,"minecraft:brown_mushroom":1,"minecraft:blackstone":11,"minecraft:crimson_nylium":8,"undead_unleashed:ancient_dirt":4,"minecraft:blast_furnace":2,"undead_unleashed:grave_soil":3,"minecraft:melon":4,"minecraft:chest":1,"minecraft:nether_brick_slab":1,"minecraft:nether_quartz_ore":5,"minecraft:cobblestone":27,"minecraft:wall_torch":1,"minecraft:nether_wart_block":2,"biomesoplenty:large_rose_quartz_bud":2,"minecraft:tnt":9,"undead_unleashed:shaded_brick_stairs":2,"minecraft:grass":23,"minecraft:oak_log":4,"minecraft:dirt":42,"minecraft:netherrack":692,"minecraft:oak_leaves":107,"minecraft:deepslate":10,"undead_unleashed:charstone":24,"minecraft:nether_gold_ore":3,"undead_unleashed:chiseled_shaded_bricks":1,"minecraft:candle":2,"minecraft:nether_brick_wall":1,"minecraft:nether_bricks":16,"minecraft:crimson_roots":2,"minecraft:spruce_leaves":16,"biomesoplenty:dead_grass":1,"minecraft:cracked_nether_bricks":3,"minecraft:crimson_stem":2,"minecraft:large_fern":3,"minecraft:redstone_ore":5,"minecraft:furnace":1,"undead_unleashed:charstone_vent":5,"minecraft:andesite":10,"biomesoplenty:willow_vine":2,"minecraft:nether_brick_fence":17,"minecraft:mossy_stone_brick_stairs":1,"minecraft:bookshelf":11,"minecraft:deepslate_iron_ore":19,"minecraft:vine":10,"crittersandcompanions:silk_cocoon":1,"minecraft:bamboo":1,"undead_unleashed:cracked_shaded_bricks":1,"biomesoplenty:spider_egg":1,"minecraft:stone":385,"biomesoplenty:rose_quartz_cluster":1,"minecraft:chiseled_nether_bricks":4,"minecraft:soul_sand":7,"biomesoplenty:small_rose_quartz_bud":1,"undead_unleashed:mossy_shaded_bricks":1,"minecraft:tall_grass":1,"minecraft:copper_ore":17,"biomesoplenty:sprout":20,"architects_palette:monazite_rod":3,"undead_unleashed:ashthorn":1,"minecraft:coal_ore":6,"minecraft:gravel":42,"minecraft:lodestone":1,"biomesoplenty:stringy_cobweb":1,"minecraft:cobweb":1,"minecraft:polished_blackstone":2,"minecraft:fern":146},"minecraft:killed_by":{"minecraft:ghast":1,"minecraft:wither_skeleton":2,"minecraft:piglin_brute":1,"orcz:squig":1},"minecraft:dropped":{"minecraft:cooked_porkchop":8,"minecraft:golden_chestplate":1,"minecraft:rotten_flesh":2,"born_in_chaos_v1:corpse_maggot":1,"biomesoplenty:rose_quartz_shard":3,"epicfight:iron_greatsword":1,"minecraft:iron_leggings":1,"minecraft:stone_sword":1,"minecraft:bow":1},"minecraft:killed":{"minecraft:cave_spider":1,"born_in_chaos_v1:zombie_lumberjack":2,"born_in_chaos_v1:restless_spirit":1,"born_in_chaos_v1:skeleton_demoman":3,"minecraft:spider":11,"orcz:orcshieldiron":2,"born_in_chaos_v1:siamese_skeletonsright":3,"minecraft:skeleton":26,"minecraft:bee":1,"born_in_chaos_v1:skeleton_thrasher":2,"alexsmobs:straddler":1,"orcz:squig":3,"mowziesmobs:foliaath":3,"minecraft:piglin_brute":1,"minecraft:skeleton_horse":1,"undead_unleashed:flamebreather":1,"minecraft:magma_cube":21,"minecraft:piglin":1,"born_in_chaos_v1:bonescaller":2,"born_in_chaos_v1:bone_imp":1,"minecraft:creeper":4,"alexsmobs:crimson_mosquito":15,"minecraft:pillager":4,"minecraft:zombie":14,"undead_unleashed:shadewraith":1,"born_in_chaos_v1:corpse_fly":9,"minecraft:stray":1,"minecraft:ghast":3,"undead_unleashed:haunter":8,"born_in_chaos_v1:siamese_skeletonsleft":3,"minecraft:blaze":63,"mowziesmobs:naga":1,"alexsmobs:dropbear":20,"mca:female_zombie_villager":1,"orcz:orcsavagemaceiron":1,"minecraft:zoglin":2,"born_in_chaos_v1:zombie_bruiser":2,"born_in_chaos_v1:maggot":20,"minecraft:drowned":1,"alexsmobs:soul_vulture":1,"undead_unleashed:graveriser":1,"born_in_chaos_v1:baby_skeleton":8,"born_in_chaos_v1:swarmer":1,"minecraft:hoglin":1,"born_in_chaos_v1:decrepit_skeleton":4,"born_in_chaos_v1:bloody_gadfly":1,"born_in_chaos_v1:nightmare_stalker":1,"minecraft:wither_skeleton":65,"minecraft:enderman":2},"minecraft:crafted":{"minecraft:black_dye":2,"minecraft:oak_planks":8,"knight_quest:chalice_state_0":1,"wom:iron_greataxe":2,"biomesoplenty:hellbark_planks":12,"minecraft:copper_block":1,"minecraft:cauldron":1,"minecraft:diamond_axe":1,"minecraft:crafting_table":2,"minecraft:wooden_pickaxe":2,"minecraft:smithing_table":1,"minecraft:copper_ingot":22,"minecraft:gold_block":16,"minecraft:birch_planks":4,"minecraft:campfire":1,"farmersdelight:cutting_board":1,"minecraft:iron_chestplate":1,"minecraft:diamond_pickaxe":1,"minecraft:birch_fence":3,"sophisticatedbackpacks:diamond_backpack":2,"minecraft:stick":23,"minecraft:iron_ingot":40,"minecraft:iron_pickaxe":2,"minecraft:iron_block":4,"biomesoplenty:mahogany_planks":4,"minecraft:furnace":1,"minecraft:flint_and_steel":1,"minecraft:iron_axe":3,"minecraft:blackstone_stairs":4,"minecraft:golden_helmet":1,"minecraft:crimson_planks":8,"knight_quest:kq_goblet_empty":2,"biomesoplenty:mahogany_wood":3,"minecraft:bucket":1,"minecraft:air":0,"minecraft:jungle_planks":8,"minecraft:iron_leggings":1,"minecraft:anvil":1,"minecraft:torch":16,"minecraft:diamond_chestplate":1}},"DataVersion":3120}