{"stats":{"minecraft:dropped":{"minecraft:cooked_porkchop":8,"epicfight:iron_greatsword":1,"minecraft:iron_leggings":1,"minecraft:golden_chestplate":1,"minecraft:rotten_flesh":2,"born_in_chaos_v1:corpse_maggot":1,"minecraft:bow":1},"minecraft:custom":{"minecraft:mob_kills":102,"minecraft:interact_with_crafting_table":12,"goblintraders:trade_with_goblin":18,"minecraft:damage_dealt_resisted":3103,"minecraft:leave_game":8,"minecraft:time_since_death":25033,"minecraft:climb_one_cm":71232,"minecraft:damage_resisted":30,"minecraft:sprint_one_cm":588849,"minecraft:walk_one_cm":1569478,"minecraft:drop":15,"minecraft:damage_dealt_absorbed":6924,"minecraft:play_time":268841,"minecraft:sneak_time":6233,"minecraft:deaths":2,"minecraft:walk_under_water_one_cm":16958,"minecraft:jump":3001,"minecraft:walk_on_water_one_cm":26031,"minecraft:total_world_time":268841,"minecraft:sleep_in_bed":7,"minecraft:time_since_rest":25122,"minecraft:damage_absorbed":5111,"minecraft:damage_taken":1734,"minecraft:damage_dealt":23090,"minecraft:swim_one_cm":24593,"minecraft:fly_one_cm":642284,"minecraft:open_chest":138,"minecraft:crouch_one_cm":30119,"minecraft:fall_one_cm":66290},"minecraft:killed_by":{"minecraft:ghast":1,"orcz:squig":1},"minecraft:broken":{"minecraft:golden_helmet":1,"wom:iron_greataxe":1,"minecraft:iron_boots":1,"minecraft:iron_chestplate":1,"minecraft:iron_axe":1,"minecraft:iron_helmet":1},"minecraft:used":{"minecraft:flint_and_steel":1,"minecraft:stone_shovel":43,"simpletomb:grave_key":2,"minecraft:netherrack":189,"minecraft:torch":8,"minecraft:dirt":28,"biomesoplenty:mahogany_wood":3,"minecraft:obsidian":10,"wom:iron_greataxe":263,"epicfight:iron_greatsword":23,"minecraft:iron_axe":130,"farmersdelight:cutting_board":1,"minecraft:bow":153,"minecraft:cobbled_deepslate":1,"mowziesmobs:foliaath_seed":4,"epicfight:skillbook":2,"minecraft:lodestone":1,"epicfight:iron_longsword":28,"minecraft:campfire":1,"epicfight:iron_tachi":4,"minecraft:birch_fence":1,"minecraft:diamond_pickaxe":591,"minecraft:melon_slice":3,"minecraft:iron_pickaxe":62,"minecraft:gravel":17,"minecraft:cobblestone":179,"minecraft:cooked_porkchop":28,"alexsmobs:animal_dictionary":1},"minecraft:picked_up":{"minecraft:iron_chestplate":2,"minecraft:lead":20,"minecraft:shield":1,"biomesoplenty:rose_quartz_shard":3,"epicfight:iron_tachi":1,"epicfight:iron_longsword":1,"minecraft:string":6,"minecraft:raw_copper":4,"minecraft:iron_leggings":3,"alexsmobs:dropbear_claw":18,"minecraft:diamond_leggings":1,"minecraft:cobbled_deepslate":10,"minecraft:melon_slice":21,"crittersandcompanions:clam":1,"minecraft:iron_boots":4,"minecraft:tipped_arrow":1,"minecraft:stick":4,"minecraft:raw_iron":18,"apotheosis:gem":7,"minecraft:torch":1,"minecraft:spruce_fence":1,"epicfight:skillbook":2,"orcz:squigs_claws":2,"minecraft:golden_chestplate":3,"minecraft:rotten_flesh":24,"minecraft:arrow":16,"crittersandcompanions:silk":3,"architects_palette:withered_bone":2,"epicfight:stray_robe":1,"minecraft:obsidian":7,"minecraft:bone_block":4,"minecraft:cobblestone":367,"paraglider:paraglider":1,"born_in_chaos_v1:fused_bone":2,"born_in_chaos_v1:corpse_maggot":26,"minecraft:basalt":1,"orcz:orcteeth":5,"smallships:birch_brigg":1,"minecraft:jungle_log":3,"minecraft:golden_leggings":2,"paraglider:spirit_orb":2,"minecraft:flint":2,"minecraft:oak_log":5,"minecraft:gunpowder":5,"minecraft:lapis_lazuli":28,"minecraft:dirt":101,"minecraft:bone":36,"minecraft:apple":1,"epicfight:iron_greatsword":2,"minecraft:bow":3,"minecraft:wheat_seeds":20,"mowziesmobs:foliaath_seed":2,"minecraft:rabbit_hide":1,"minecraft:iron_ingot":66,"magistuarmory:diamond_rondache":1,"minecraft:glowstone_dust":22,"minecraft:bamboo":11,"minecraft:mossy_stone_brick_stairs":1,"sophisticatedbackpacks:diamond_backpack":1,"magistuarmory:minicrown_decoration":1,"minecraft:cooked_porkchop":66,"epicfight:stone_greatsword":1,"epicfight:iron_spear":1,"minecraft:quartz":1,"orcz:orcagaric":1,"minecraft:gravel":43,"orcz:orcamanita":1,"undead_unleashed:grave_metal_scrap":8,"minecraft:grass_block":1,"minecraft:mossy_stone_brick_slab":1,"minecraft:spider_eye":1,"biomesoplenty:bramble":2,"minecraft:diamond":32,"epicfight:iron_dagger":2,"minecraft:iron_helmet":1,"knight_quest:kq_great_essence":1,"minecraft:emerald":2,"minecraft:lodestone":1,"orcz:ironscrap":6,"minecraft:oak_sapling":4,"orcz:orceye":1,"minecraft:netherrack":231,"minecraft:coal":7,"minecraft:ender_pearl":1},"minecraft:mined":{"minecraft:mossy_stone_brick_slab":1,"minecraft:jungle_leaves":14,"minecraft:obsidian":8,"biomesoplenty:bramble":2,"minecraft:grass_block":30,"minecraft:jungle_log":1,"minecraft:spawner":1,"minecraft:large_fern":3,"minecraft:glowstone":8,"minecraft:fire":43,"minecraft:deepslate_lapis_ore":4,"minecraft:mossy_stone_brick_stairs":1,"minecraft:deepslate_iron_ore":18,"minecraft:vine":6,"crittersandcompanions:silk_cocoon":1,"minecraft:bamboo":1,"minecraft:stone":365,"biomesoplenty:rose_quartz_cluster":1,"biomesoplenty:small_rose_quartz_bud":1,"minecraft:melon":4,"minecraft:nether_quartz_ore":1,"minecraft:tall_grass":1,"minecraft:copper_ore":1,"minecraft:cobblestone":6,"biomesoplenty:sprout":9,"minecraft:wall_torch":1,"biomesoplenty:large_rose_quartz_bud":1,"minecraft:grass":21,"minecraft:oak_log":2,"minecraft:coal_ore":6,"minecraft:gravel":36,"minecraft:dirt":42,"minecraft:lodestone":1,"minecraft:netherrack":176,"minecraft:oak_leaves":101,"minecraft:deepslate":10,"minecraft:fern":139},"minecraft:killed":{"mca:female_zombie_villager":1,"alexsmobs:dropbear":15,"born_in_chaos_v1:zombie_lumberjack":1,"born_in_chaos_v1:skeleton_demoman":1,"orcz:orcsavagemaceiron":1,"minecraft:spider":8,"orcz:orcshieldiron":2,"minecraft:zoglin":2,"born_in_chaos_v1:siamese_skeletonsright":1,"born_in_chaos_v1:zombie_bruiser":2,"born_in_chaos_v1:maggot":14,"minecraft:skeleton":6,"minecraft:bee":1,"alexsmobs:straddler":1,"minecraft:drowned":1,"orcz:squig":3,"mowziesmobs:foliaath":1,"minecraft:magma_cube":1,"born_in_chaos_v1:baby_skeleton":3,"born_in_chaos_v1:swarmer":1,"minecraft:creeper":2,"born_in_chaos_v1:decrepit_skeleton":1,"born_in_chaos_v1:bloody_gadfly":1,"minecraft:pillager":3,"minecraft:zombie":8,"born_in_chaos_v1:corpse_fly":9,"minecraft:stray":1,"minecraft:ghast":3,"minecraft:wither_skeleton":2,"born_in_chaos_v1:siamese_skeletonsleft":1},"minecraft:crafted":{"minecraft:oak_planks":8,"minecraft:flint_and_steel":1,"minecraft:iron_axe":2,"wom:iron_greataxe":1,"minecraft:golden_helmet":1,"minecraft:crafting_table":1,"biomesoplenty:mahogany_wood":3,"minecraft:birch_planks":4,"minecraft:campfire":1,"minecraft:air":0,"minecraft:jungle_planks":4,"farmersdelight:cutting_board":1,"minecraft:iron_chestplate":1,"minecraft:diamond_pickaxe":1,"minecraft:birch_fence":3,"minecraft:stick":11,"minecraft:iron_ingot":36,"minecraft:iron_pickaxe":1,"minecraft:iron_leggings":1,"minecraft:torch":16}},"DataVersion":3120}