{"stats":{"minecraft:dropped":{"minecraft:cooked_porkchop":8,"biomesoplenty:rose_quartz_shard":3,"epicfight:iron_greatsword":1,"minecraft:iron_leggings":1,"minecraft:golden_chestplate":1,"minecraft:stone_sword":1,"minecraft:rotten_flesh":2,"born_in_chaos_v1:corpse_maggot":1,"minecraft:bow":1},"minecraft:custom":{"minecraft:mob_kills":246,"minecraft:interact_with_crafting_table":17,"goblintraders:trade_with_goblin":18,"minecraft:damage_dealt_resisted":3541,"minecraft:leave_game":16,"minecraft:time_since_death":83751,"minecraft:climb_one_cm":75687,"minecraft:damage_resisted":30,"minecraft:sprint_one_cm":1087097,"minecraft:walk_one_cm":2861486,"minecraft:drop":19,"minecraft:damage_dealt_absorbed":10242,"minecraft:talked_to_villager":2,"minecraft:play_time":454981,"minecraft:sneak_time":10677,"minecraft:deaths":5,"minecraft:walk_under_water_one_cm":19063,"minecraft:interact_with_brewingstand":4,"minecraft:jump":4893,"minecraft:walk_on_water_one_cm":28584,"minecraft:total_world_time":454981,"minecraft:sleep_in_bed":8,"minecraft:time_since_rest":90527,"minecraft:damage_absorbed":15182,"minecraft:damage_taken":2653,"minecraft:trigger_trapped_chest":4,"minecraft:damage_dealt":49751,"minecraft:swim_one_cm":24593,"minecraft:fly_one_cm":1194618,"minecraft:open_chest":217,"minecraft:crouch_one_cm":51272,"minecraft:fall_one_cm":120207},"minecraft:killed_by":{"minecraft:ghast":1,"minecraft:wither_skeleton":2,"minecraft:piglin_brute":1,"orcz:squig":1},"minecraft:broken":{"minecraft:golden_helmet":1,"wom:iron_greataxe":1,"minecraft:iron_boots":1,"minecraft:iron_chestplate":1,"minecraft:wooden_pickaxe":1,"minecraft:golden_axe":1,"minecraft:iron_axe":1,"minecraft:iron_helmet":2},"minecraft:used":{"minecraft:flint_and_steel":21,"minecraft:stone_shovel":43,"biomesoplenty:bramble":2,"simpletomb:grave_key":73,"minecraft:netherrack":292,"minecraft:torch":8,"minecraft:soul_sand":4,"minecraft:dirt":28,"biomesoplenty:mahogany_wood":3,"minecraft:nether_bricks":13,"minecraft:nether_brick_slab":1,"minecraft:obsidian":10,"wom:iron_greataxe":351,"epicfight:iron_greatsword":23,"minecraft:iron_axe":130,"minecraft:crimson_planks":8,"farmersdelight:cutting_board":1,"minecraft:bow":154,"minecraft:soul_soil":1,"minecraft:cobbled_deepslate":1,"minecraft:golden_axe":49,"mowziesmobs:foliaath_seed":4,"epicfight:skillbook":3,"epicfight:iron_spear":6,"minecraft:lodestone":1,"minecraft:wooden_pickaxe":111,"epicfight:iron_longsword":28,"minecraft:diamond_axe":286,"minecraft:crafting_table":1,"minecraft:campfire":1,"epicfight:iron_tachi":4,"minecraft:birch_fence":1,"minecraft:diamond_pickaxe":986,"minecraft:melon_slice":9,"minecraft:iron_pickaxe":184,"minecraft:cracked_nether_bricks":3,"minecraft:gravel":17,"minecraft:diamond_sword":68,"minecraft:cobblestone":180,"minecraft:cooked_porkchop":38,"alexsmobs:animal_dictionary":1},"minecraft:picked_up":{"sophisticatedbackpacks:gold_backpack":1,"minecraft:iron_chestplate":4,"minecraft:nether_brick_fence":5,"born_in_chaos_v1:seedof_chaos":2,"minecraft:lead":20,"minecraft:golden_shovel":1,"minecraft:chain":1,"minecraft:shield":3,"biomesoplenty:rose_quartz_shard":3,"epicfight:iron_tachi":1,"epicfight:iron_longsword":1,"minecraft:string":6,"minecraft:soul_soil":1,"minecraft:raw_copper":4,"minecraft:iron_leggings":4,"minecraft:blackstone":11,"alexsmobs:dropbear_claw":24,"minecraft:diamond_leggings":2,"alexsmobs:blood_sac":8,"minecraft:gold_nugget":15,"minecraft:cobbled_deepslate":10,"minecraft:melon_slice":21,"crittersandcompanions:clam":1,"minecraft:iron_boots":5,"minecraft:tipped_arrow":1,"minecraft:raw_iron":18,"minecraft:stick":6,"apotheosis:gem":11,"born_in_chaos_v1:shattered_skull":1,"undead_unleashed:demon_horn":1,"minecraft:torch":1,"minecraft:spruce_fence":1,"epicfight:skillbook":2,"undead_unleashed:ghost_pepper":1,"minecraft:porkchop":3,"minecraft:golden_axe":1,"orcz:squigs_claws":2,"born_in_chaos_v1:pieceofdarkmetal":5,"minecraft:golden_chestplate":5,"minecraft:chiseled_nether_bricks":2,"minecraft:tnt":9,"minecraft:stone_sword":4,"minecraft:arrow":26,"minecraft:weeping_vines":2,"minecraft:rotten_flesh":26,"minecraft:diamond_chestplate":2,"minecraft:nether_bricks":15,"crittersandcompanions:silk":3,"architects_palette:withered_bone":29,"minecraft:blaze_rod":16,"epicfight:stray_robe":1,"minecraft:obsidian":7,"minecraft:bone_block":4,"minecraft:cobblestone":367,"paraglider:paraglider":2,"born_in_chaos_v1:fused_bone":6,"born_in_chaos_v1:corpse_maggot":26,"minecraft:magma_block":3,"minecraft:basalt":1,"orcz:orcteeth":5,"minecraft:magma_cream":1,"smallships:birch_brigg":1,"minecraft:crimson_stem":2,"minecraft:jungle_log":3,"minecraft:golden_leggings":2,"paraglider:spirit_orb":6,"minecraft:flint":2,"minecraft:oak_log":5,"minecraft:nether_wart_block":1,"minecraft:gunpowder":7,"minecraft:wither_skeleton_skull":1,"undead_unleashed:charstone_shard":256,"minecraft:lapis_lazuli":28,"minecraft:dirt":101,"minecraft:bone":72,"minecraft:apple":1,"epicfight:iron_greatsword":2,"minecraft:bow":3,"minecraft:wheat_seeds":20,"mowziesmobs:foliaath_seed":4,"minecraft:rabbit_hide":1,"minecraft:iron_ingot":67,"magistuarmory:diamond_rondache":1,"minecraft:glowstone_dust":22,"minecraft:bamboo":11,"minecraft:soul_sand":7,"minecraft:mossy_stone_brick_stairs":1,"sophisticatedbackpacks:diamond_backpack":1,"undead_unleashed:ashthorn":2,"magistuarmory:minicrown_decoration":1,"minecraft:cooked_porkchop":66,"epicfight:stone_greatsword":1,"epicfight:iron_spear":1,"born_in_chaos_v1:ethereal_spirit":1,"minecraft:quartz":5,"minecraft:cracked_nether_bricks":3,"orcz:orcagaric":1,"minecraft:gravel":49,"orcz:orcamanita":1,"undead_unleashed:grave_metal_scrap":19,"sophisticatedbackpacks:iron_backpack":1,"minecraft:nether_brick_slab":1,"minecraft:grass_block":1,"minecraft:spider_eye":1,"minecraft:mossy_stone_brick_slab":1,"minecraft:leather_helmet":1,"biomesoplenty:hellbark_log":3,"biomesoplenty:bramble":26,"minecraft:diamond":32,"epicfight:iron_dagger":2,"minecraft:iron_helmet":2,"knight_quest:kq_great_essence":3,"undead_unleashed:grave_metal_axe":1,"minecraft:emerald":2,"minecraft:lodestone":1,"orcz:ironscrap":6,"minecraft:oak_sapling":4,"orcz:orceye":1,"minecraft:netherrack":708,"minecraft:coal":19,"minecraft:crimson_roots":1,"minecraft:ender_pearl":1},"minecraft:mined":{"undead_unleashed:charstone":24,"minecraft:nether_gold_ore":3,"minecraft:mossy_stone_brick_slab":1,"minecraft:jungle_leaves":14,"minecraft:obsidian":8,"minecraft:nether_bricks":16,"biomesoplenty:bramble":27,"minecraft:grass_block":30,"minecraft:jungle_log":1,"minecraft:crimson_roots":2,"minecraft:soul_soil":1,"biomesoplenty:dead_grass":1,"minecraft:cracked_nether_bricks":3,"minecraft:spawner":3,"minecraft:crimson_stem":2,"minecraft:large_fern":3,"minecraft:weeping_vines_plant":2,"minecraft:magma_block":3,"minecraft:glowstone":8,"undead_unleashed:charstone_vent":5,"minecraft:fire":87,"biomesoplenty:willow_vine":2,"minecraft:deepslate_lapis_ore":4,"biomesoplenty:hellbark_log":3,"minecraft:nether_brick_fence":5,"minecraft:mossy_stone_brick_stairs":1,"minecraft:vine":7,"minecraft:deepslate_iron_ore":18,"crittersandcompanions:silk_cocoon":1,"minecraft:bamboo":1,"minecraft:stone":365,"biomesoplenty:rose_quartz_cluster":1,"minecraft:brown_mushroom":1,"minecraft:chiseled_nether_bricks":4,"minecraft:soul_sand":7,"minecraft:blackstone":11,"minecraft:crimson_nylium":8,"biomesoplenty:small_rose_quartz_bud":1,"minecraft:melon":4,"minecraft:nether_brick_slab":1,"minecraft:nether_quartz_ore":5,"minecraft:copper_ore":1,"minecraft:tall_grass":1,"minecraft:cobblestone":6,"biomesoplenty:sprout":17,"minecraft:wall_torch":1,"minecraft:nether_wart_block":2,"biomesoplenty:large_rose_quartz_bud":2,"minecraft:tnt":9,"minecraft:grass":23,"undead_unleashed:ashthorn":1,"minecraft:coal_ore":6,"minecraft:oak_log":2,"minecraft:gravel":42,"minecraft:dirt":42,"minecraft:lodestone":1,"minecraft:netherrack":672,"minecraft:oak_leaves":107,"minecraft:deepslate":10,"minecraft:fern":144},"minecraft:killed":{"mca:female_zombie_villager":1,"alexsmobs:dropbear":20,"born_in_chaos_v1:restless_spirit":1,"born_in_chaos_v1:zombie_lumberjack":1,"born_in_chaos_v1:skeleton_demoman":3,"orcz:orcsavagemaceiron":1,"minecraft:spider":8,"orcz:orcshieldiron":2,"minecraft:zoglin":2,"born_in_chaos_v1:siamese_skeletonsright":3,"born_in_chaos_v1:zombie_bruiser":2,"born_in_chaos_v1:maggot":14,"minecraft:skeleton":15,"minecraft:bee":1,"born_in_chaos_v1:skeleton_thrasher":2,"orcz:squig":3,"alexsmobs:straddler":1,"alexsmobs:soul_vulture":1,"minecraft:drowned":1,"mowziesmobs:foliaath":3,"minecraft:skeleton_horse":1,"undead_unleashed:flamebreather":1,"minecraft:magma_cube":17,"minecraft:piglin":1,"born_in_chaos_v1:bonescaller":2,"undead_unleashed:graveriser":1,"born_in_chaos_v1:baby_skeleton":8,"born_in_chaos_v1:swarmer":1,"born_in_chaos_v1:bone_imp":1,"minecraft:hoglin":1,"minecraft:creeper":2,"alexsmobs:crimson_mosquito":14,"born_in_chaos_v1:decrepit_skeleton":3,"born_in_chaos_v1:bloody_gadfly":1,"minecraft:pillager":3,"minecraft:zombie":9,"born_in_chaos_v1:corpse_fly":9,"minecraft:stray":1,"minecraft:ghast":3,"undead_unleashed:haunter":6,"minecraft:wither_skeleton":31,"born_in_chaos_v1:siamese_skeletonsleft":3,"minecraft:blaze":31},"minecraft:crafted":{"minecraft:oak_planks":8,"minecraft:flint_and_steel":1,"minecraft:iron_axe":3,"wom:iron_greataxe":2,"biomesoplenty:hellbark_planks":12,"minecraft:golden_helmet":1,"minecraft:crimson_planks":8,"minecraft:diamond_axe":1,"minecraft:crafting_table":2,"minecraft:wooden_pickaxe":2,"biomesoplenty:mahogany_wood":3,"minecraft:birch_planks":4,"minecraft:campfire":1,"minecraft:air":0,"minecraft:jungle_planks":8,"farmersdelight:cutting_board":1,"minecraft:iron_chestplate":1,"minecraft:diamond_pickaxe":1,"minecraft:birch_fence":3,"minecraft:stick":23,"minecraft:iron_ingot":36,"minecraft:iron_pickaxe":2,"minecraft:iron_leggings":1,"minecraft:torch":16}},"DataVersion":3120}