{"stats":{"minecraft:dropped":{"minecraft:jungle_planks":2},"minecraft:custom":{"minecraft:time_since_rest":23577,"minecraft:interact_with_furnace":6,"minecraft:sprint_one_cm":23927,"minecraft:damage_taken":234,"minecraft:walk_one_cm":123484,"minecraft:mob_kills":6,"minecraft:drop":2,"minecraft:damage_dealt":1190,"minecraft:interact_with_crafting_table":7,"minecraft:fly_one_cm":26704,"minecraft:open_chest":11,"minecraft:crouch_one_cm":20046,"minecraft:play_time":23577,"minecraft:sneak_time":6186,"minecraft:walk_under_water_one_cm":1101,"minecraft:boat_one_cm":85093,"minecraft:jump":267,"minecraft:damage_dealt_resisted":830,"minecraft:walk_on_water_one_cm":11576,"minecraft:time_since_death":23577,"minecraft:climb_one_cm":910,"minecraft:total_world_time":23577,"minecraft:fall_one_cm":3276},"minecraft:broken":{"minecraft:stone_axe":1},"minecraft:used":{"minecraft:stone_sword":38,"minecraft:spruce_slab":2,"minecraft:melon_slice":3,"minecraft:stone_pickaxe":27,"minecraft:wooden_pickaxe":40,"minecraft:jungle_boat":1,"minecraft:stone_axe":142,"minecraft:dirt":16,"minecraft:crafting_table":5,"minecraft:cooked_porkchop":2,"minecraft:furnace":2,"minecraft:bucket":1,"alexsmobs:banana":1},"minecraft:picked_up":{"minecraft:stick":4,"minecraft:crafting_table":4,"minecraft:jungle_log":89,"minecraft:jungle_planks":1,"paraglider:spirit_orb":2,"minecraft:porkchop":3,"minecraft:spider_eye":1,"minecraft:string":1,"minecraft:dirt":24,"minecraft:rotten_flesh":4,"minecraft:spruce_planks":3,"minecraft:wheat_seeds":4,"alexsmobs:banana":1,"minecraft:iron_ingot":1,"knight_quest:kq_great_essence":1,"minecraft:jungle_sapling":4,"minecraft:spruce_slab":4,"minecraft:bamboo":74,"minecraft:melon_slice":137,"minecraft:coal":7,"minecraft:cobblestone":43,"minecraft:furnace":1},"minecraft:mined":{"minecraft:spruce_planks":3,"minecraft:furnace":1,"minecraft:jungle_leaves":5,"minecraft:crafting_table":4,"minecraft:grass":11,"minecraft:coal_ore":7,"minecraft:melon":29,"minecraft:jungle_log":89,"minecraft:dirt":10,"minecraft:bamboo":7,"minecraft:stone":43,"minecraft:spruce_slab":2,"minecraft:oak_leaves":28,"minecraft:spawner":1,"minecraft:fern":2},"minecraft:killed":{"minecraft:zombie":1,"minecraft:pig":1,"minecraft:spider":1,"born_in_chaos_v1:door_knight":1},"minecraft:crafted":{"minecraft:cooked_porkchop":3,"minecraft:crafting_table":1,"minecraft:stick":20,"minecraft:jungle_boat":1,"minecraft:wooden_pickaxe":1,"minecraft:stone_pickaxe":1,"minecraft:stone_sword":1,"minecraft:furnace":1,"minecraft:stone_axe":2,"minecraft:bread":1,"minecraft:air":0,"minecraft:jungle_planks":24}},"DataVersion":3120}