{"stats":{"minecraft:dropped":{"minecraft:kelp":8,"minecraft:jungle_planks":2},"minecraft:custom":{"minecraft:interact_with_furnace":8,"minecraft:mob_kills":17,"minecraft:interact_with_crafting_table":16,"minecraft:open_barrel":5,"minecraft:damage_dealt_resisted":830,"minecraft:time_since_death":22067,"minecraft:damage_resisted":0,"minecraft:climb_one_cm":1026,"minecraft:time_since_rest":22091,"minecraft:sprint_one_cm":33791,"minecraft:damage_taken":825,"minecraft:walk_one_cm":208113,"minecraft:drop":10,"minecraft:damage_dealt":3766,"minecraft:swim_one_cm":13763,"minecraft:fly_one_cm":34846,"minecraft:open_chest":31,"minecraft:crouch_one_cm":64164,"minecraft:play_time":47577,"minecraft:deaths":1,"minecraft:sneak_time":15616,"minecraft:walk_under_water_one_cm":5998,"minecraft:boat_one_cm":180755,"minecraft:jump":444,"minecraft:walk_on_water_one_cm":12362,"minecraft:total_world_time":47577,"minecraft:fall_one_cm":4353},"minecraft:killed_by":{"minecraft:vex":1},"minecraft:broken":{"minecraft:stone_axe":1},"minecraft:used":{"minecraft:stone_sword":44,"minecraft:spruce_slab":8,"minecraft:stone_pickaxe":31,"minecraft:spruce_planks":7,"minecraft:chest":3,"minecraft:wooden_pickaxe":40,"minecraft:iron_sword":29,"minecraft:jungle_boat":2,"simpletomb:grave_key":1,"minecraft:white_wool":1,"minecraft:torch":3,"minecraft:dirt":26,"minecraft:crafting_table":7,"minecraft:jungle_planks":4,"minecraft:jungle_slab":53,"minecraft:white_bed":1,"minecraft:bread":1,"minecraft:melon_slice":6,"minecraft:crimson_slab":6,"minecraft:crimson_planks":2,"minecraft:stone_axe":187,"minecraft:furnace":2,"minecraft:cooked_porkchop":3,"minecraft:bucket":1,"alexsmobs:banana":1},"minecraft:picked_up":{"minecraft:crafting_table":6,"born_in_chaos_v1:monster_flesh":1,"minecraft:jungle_log":92,"paraglider:spirit_orb":4,"minecraft:crimson_planks":8,"minecraft:gunpowder":1,"minecraft:dirt":28,"minecraft:string":1,"born_in_chaos_v1:monster_skin":1,"minecraft:purple_banner":1,"minecraft:kelp":8,"minecraft:wheat_seeds":4,"alexsmobs:banana":1,"minecraft:spruce_planks":13,"minecraft:iron_ingot":2,"minecraft:jungle_sapling":4,"minecraft:spruce_slab":9,"minecraft:bamboo":74,"minecraft:melon_slice":146,"minecraft:chest":3,"minecraft:dark_oak_stairs":1,"minecraft:furnace":2,"minecraft:stick":4,"apotheosis:gem":1,"endrem:old_eye":1,"patchouli:guide_book":2,"minecraft:oak_fence":1,"minecraft:spruce_stairs":3,"epicfight:skillbook":2,"minecraft:porkchop":3,"minecraft:jungle_planks":2,"minecraft:jungle_slab":24,"alexsmobs:animal_dictionary":1,"minecraft:spider_eye":1,"minecraft:purple_terracotta":2,"minecraft:dark_oak_planks":2,"minecraft:arrow":5,"minecraft:rotten_flesh":25,"knight_quest:kq_great_essence":3,"minecraft:emerald":3,"minecraft:white_wool":4,"minecraft:coal":7,"minecraft:crimson_slab":2,"minecraft:cobblestone":67},"minecraft:mined":{"minecraft:dark_oak_planks":2,"minecraft:spruce_planks":16,"minecraft:jungle_slab":5,"minecraft:jungle_leaves":5,"minecraft:oak_fence":1,"minecraft:crafting_table":6,"minecraft:purple_terracotta":2,"minecraft:grass_block":3,"minecraft:melon":30,"minecraft:jungle_planks":1,"minecraft:chest":3,"minecraft:crimson_slab":2,"minecraft:jungle_log":92,"minecraft:spawner":2,"minecraft:spruce_stairs":3,"minecraft:furnace":2,"minecraft:dark_oak_stairs":1,"minecraft:grass":11,"minecraft:coal_ore":7,"minecraft:vine":1,"minecraft:dirt":11,"minecraft:crimson_planks":8,"minecraft:bamboo":7,"minecraft:tripwire_hook":1,"minecraft:stone":43,"minecraft:white_wool":4,"minecraft:oak_leaves":29,"minecraft:spruce_slab":6,"minecraft:fern":3},"minecraft:killed":{"minecraft:pig":1,"minecraft:vindicator":2,"minecraft:spider":1,"minecraft:creeper":1,"minecraft:pillager":6,"minecraft:zombie":1,"born_in_chaos_v1:dread_hound":1,"undead_unleashed:haunter":1,"born_in_chaos_v1:door_knight":1},"minecraft:crafted":{"minecraft:cooked_porkchop":3,"minecraft:crafting_table":2,"minecraft:jungle_boat":2,"minecraft:wooden_pickaxe":1,"minecraft:crimson_slab":6,"minecraft:furnace":1,"minecraft:stone_axe":2,"minecraft:jungle_slab":60,"minecraft:bread":1,"minecraft:air":0,"minecraft:jungle_planks":84,"minecraft:stick":20,"minecraft:stone_pickaxe":1,"minecraft:stone_sword":1,"minecraft:chest":1,"minecraft:white_bed":1,"minecraft:torch":16}},"DataVersion":3120}