{"stats":{"minecraft:custom":{"minecraft:time_since_rest":11577,"minecraft:interact_with_furnace":5,"minecraft:sprint_one_cm":3766,"minecraft:damage_taken":185,"minecraft:walk_one_cm":56242,"minecraft:mob_kills":4,"minecraft:damage_dealt":782,"minecraft:interact_with_crafting_table":3,"minecraft:fly_one_cm":5883,"minecraft:crouch_one_cm":17662,"minecraft:play_time":11577,"minecraft:sneak_time":5714,"minecraft:jump":103,"minecraft:damage_dealt_resisted":22,"minecraft:time_since_death":11577,"minecraft:climb_one_cm":586,"minecraft:total_world_time":11577,"minecraft:fall_one_cm":954},"minecraft:used":{"minecraft:stone_sword":4,"minecraft:stone_pickaxe":1,"minecraft:wooden_pickaxe":40,"minecraft:stone_axe":101,"minecraft:dirt":6,"minecraft:crafting_table":2,"minecraft:cooked_porkchop":1,"minecraft:furnace":1},"minecraft:picked_up":{"minecraft:stick":4,"minecraft:crafting_table":2,"minecraft:jungle_log":86,"minecraft:porkchop":3,"minecraft:dirt":9,"minecraft:rotten_flesh":1,"minecraft:wheat_seeds":2,"minecraft:jungle_sapling":3,"minecraft:bamboo":73,"minecraft:cobblestone":25,"minecraft:furnace":1},"minecraft:mined":{"minecraft:furnace":1,"minecraft:jungle_leaves":5,"minecraft:crafting_table":2,"minecraft:grass":7,"minecraft:jungle_log":89,"minecraft:dirt":9,"minecraft:bamboo":7,"minecraft:stone":25,"minecraft:oak_leaves":26},"minecraft:killed":{"minecraft:zombie":1,"minecraft:pig":1},"minecraft:crafted":{"minecraft:cooked_porkchop":3,"minecraft:crafting_table":1,"minecraft:stick":12,"minecraft:wooden_pickaxe":1,"minecraft:stone_pickaxe":1,"minecraft:stone_sword":1,"minecraft:furnace":1,"minecraft:stone_axe":1,"minecraft:air":0,"minecraft:jungle_planks":16}},"DataVersion":3120}