{"stats":{"minecraft:dropped":{"minecraft:jungle_planks":2,"minecraft:kelp":8},"minecraft:custom":{"minecraft:mob_kills":25,"minecraft:interact_with_crafting_table":23,"minecraft:open_barrel":8,"minecraft:damage_dealt_resisted":830,"minecraft:time_since_death":20681,"minecraft:climb_one_cm":1768,"minecraft:damage_resisted":0,"minecraft:sprint_one_cm":41403,"minecraft:walk_one_cm":309637,"minecraft:drop":10,"minecraft:play_time":71577,"minecraft:deaths":2,"minecraft:sneak_time":19349,"minecraft:walk_under_water_one_cm":9538,"minecraft:boat_one_cm":180755,"minecraft:jump":538,"minecraft:walk_on_water_one_cm":14266,"minecraft:total_world_time":71577,"minecraft:interact_with_furnace":8,"minecraft:sleep_in_bed":3,"minecraft:time_since_rest":3316,"minecraft:damage_taken":1023,"minecraft:damage_dealt":5496,"minecraft:swim_one_cm":23490,"minecraft:fly_one_cm":42185,"minecraft:open_chest":68,"minecraft:crouch_one_cm":87652,"minecraft:interact_with_smoker":2,"minecraft:fall_one_cm":5857,"minecraft:inspect_dispenser":2},"minecraft:killed_by":{"minecraft:pillager":1,"minecraft:vex":1},"minecraft:broken":{"minecraft:stone_axe":1},"minecraft:used":{"minecraft:stone_sword":44,"minecraft:spruce_slab":9,"minecraft:chest":4,"minecraft:spruce_planks":7,"minecraft:iron_sword":54,"simpletomb:grave_key":2,"minecraft:torch":3,"minecraft:dirt":26,"minecraft:jungle_planks":4,"minecraft:jungle_slab":90,"minecraft:crimson_slab":6,"minecraft:crimson_planks":3,"farmersdelight:cutting_board":1,"minecraft:furnace":3,"alexsmobs:banana":1,"minecraft:stone_pickaxe":31,"minecraft:wooden_pickaxe":40,"minecraft:jungle_boat":2,"minecraft:white_wool":1,"minecraft:crafting_table":7,"minecraft:white_bed":1,"minecraft:smoker":1,"minecraft:melon_slice":6,"minecraft:bread":3,"minecraft:stone_axe":209,"minecraft:cooked_porkchop":3,"minecraft:bucket":1,"minecraft:cobweb":4},"minecraft:picked_up":{"minecraft:crafting_table":6,"minecraft:wheat":3,"minecraft:lead":2,"minecraft:crimson_planks":8,"minecraft:string":5,"minecraft:purple_banner":1,"minecraft:pufferfish":1,"alexsmobs:banana":1,"minecraft:spruce_planks":13,"crittersandcompanions:koi_fish":1,"minecraft:jungle_sapling":4,"minecraft:spruce_slab":10,"minecraft:melon_slice":146,"minecraft:chest":3,"minecraft:furnace":2,"minecraft:stick":4,"apotheosis:gem":1,"minecraft:oak_fence":1,"minecraft:spruce_stairs":4,"epicfight:skillbook":2,"minecraft:porkchop":4,"minecraft:purple_terracotta":2,"minecraft:dark_oak_planks":2,"minecraft:tnt":4,"minecraft:rotten_flesh":25,"minecraft:arrow":10,"minecraft:honey_bottle":3,"minecraft:tropical_fish":1,"minecraft:hay_block":7,"minecraft:mutton":4,"minecraft:cobblestone":67,"minecraft:crimson_slab":2,"minecraft:white_wool":4,"born_in_chaos_v1:monster_flesh":1,"minecraft:jungle_log":92,"minecraft:salmon":1,"minecraft:leather":3,"minecraft:potato":1,"paraglider:spirit_orb":4,"minecraft:flint":1,"minecraft:gunpowder":3,"minecraft:dirt":28,"born_in_chaos_v1:monster_skin":1,"minecraft:kelp":8,"minecraft:wheat_seeds":6,"minecraft:iron_ingot":2,"minecraft:cobweb":3,"minecraft:bamboo":74,"minecraft:honeycomb":12,"minecraft:dark_oak_stairs":1,"minecraft:milk_bucket":1,"endrem:old_eye":1,"patchouli:guide_book":2,"minecraft:jungle_planks":2,"minecraft:jungle_slab":25,"minecraft:spider_eye":1,"minecraft:barrel":12,"alexsmobs:animal_dictionary":1,"knight_quest:kq_great_essence":3,"minecraft:emerald":5,"minecraft:bread":7,"minecraft:coal":17},"minecraft:mined":{"minecraft:dark_oak_planks":2,"minecraft:spruce_planks":16,"minecraft:jungle_slab":6,"minecraft:jungle_leaves":5,"minecraft:purple_terracotta":2,"minecraft:grass_block":3,"minecraft:jungle_planks":1,"minecraft:jungle_log":92,"minecraft:spawner":2,"minecraft:hay_block":7,"minecraft:furnace":2,"minecraft:barrel":12,"minecraft:dark_oak_stairs":1,"minecraft:vine":1,"minecraft:bamboo":7,"minecraft:stone":43,"minecraft:white_wool":4,"minecraft:spruce_slab":7,"minecraft:oak_fence":1,"minecraft:crafting_table":6,"minecraft:melon":30,"minecraft:chest":3,"minecraft:crimson_slab":2,"minecraft:spruce_stairs":4,"minecraft:grass":11,"minecraft:coal_ore":7,"minecraft:dirt":11,"minecraft:crimson_planks":8,"minecraft:cobweb":4,"minecraft:tripwire_hook":1,"minecraft:oak_leaves":29,"minecraft:fern":3},"minecraft:killed":{"minecraft:spider":1,"minecraft:vindicator":2,"minecraft:pig":1,"minecraft:wandering_trader":1,"minecraft:creeper":1,"minecraft:trader_llama":2,"minecraft:pillager":11,"minecraft:zombie":1,"born_in_chaos_v1:dread_hound":1,"undead_unleashed:haunter":1,"born_in_chaos_v1:door_knight":1},"minecraft:crafted":{"minecraft:furnace":2,"minecraft:leather":2,"minecraft:stone_pickaxe":1,"minecraft:chest":2,"minecraft:smoker":1,"sophisticatedbackpacks:backpack":1,"minecraft:cooked_porkchop":3,"minecraft:crafting_table":2,"minecraft:jungle_boat":2,"minecraft:wooden_pickaxe":1,"minecraft:crimson_slab":6,"minecraft:stone_axe":2,"minecraft:jungle_slab":90,"minecraft:bread":1,"minecraft:air":0,"minecraft:jungle_planks":96,"farmersdelight:cutting_board":1,"minecraft:iron_chestplate":1,"minecraft:diamond_pickaxe":1,"minecraft:stick":20,"minecraft:stone_sword":1,"minecraft:iron_leggings":1,"minecraft:white_bed":1,"minecraft:torch":16,"minecraft:shears":1}},"DataVersion":3120}