{"stats":{"minecraft:dropped":{"minecraft:kelp":8,"minecraft:jungle_planks":2},"minecraft:custom":{"minecraft:interact_with_furnace":8,"minecraft:mob_kills":22,"minecraft:interact_with_crafting_table":21,"minecraft:open_barrel":8,"minecraft:damage_dealt_resisted":830,"minecraft:time_since_death":8681,"minecraft:sleep_in_bed":1,"minecraft:damage_resisted":0,"minecraft:climb_one_cm":1768,"minecraft:time_since_rest":8716,"minecraft:sprint_one_cm":36264,"minecraft:damage_taken":1013,"minecraft:walk_one_cm":273583,"minecraft:drop":10,"minecraft:damage_dealt":4906,"minecraft:swim_one_cm":23490,"minecraft:fly_one_cm":36799,"minecraft:open_chest":54,"minecraft:crouch_one_cm":81673,"minecraft:play_time":59577,"minecraft:deaths":2,"minecraft:sneak_time":18847,"minecraft:walk_under_water_one_cm":9538,"minecraft:boat_one_cm":180755,"minecraft:jump":501,"minecraft:walk_on_water_one_cm":14266,"minecraft:interact_with_smoker":1,"minecraft:total_world_time":59577,"minecraft:inspect_dispenser":2,"minecraft:fall_one_cm":5311},"minecraft:killed_by":{"minecraft:pillager":1,"minecraft:vex":1},"minecraft:broken":{"minecraft:stone_axe":1},"minecraft:used":{"minecraft:stone_sword":44,"minecraft:spruce_slab":9,"minecraft:stone_pickaxe":31,"minecraft:spruce_planks":7,"minecraft:chest":4,"minecraft:wooden_pickaxe":40,"minecraft:iron_sword":44,"minecraft:jungle_boat":2,"simpletomb:grave_key":2,"minecraft:white_wool":1,"minecraft:torch":3,"minecraft:dirt":26,"minecraft:crafting_table":7,"minecraft:jungle_planks":4,"minecraft:jungle_slab":90,"minecraft:white_bed":1,"minecraft:smoker":1,"minecraft:bread":2,"minecraft:melon_slice":6,"minecraft:crimson_slab":6,"farmersdelight:cutting_board":1,"minecraft:crimson_planks":3,"minecraft:stone_axe":209,"minecraft:furnace":2,"minecraft:cooked_porkchop":3,"minecraft:bucket":1,"alexsmobs:banana":1},"minecraft:picked_up":{"minecraft:crafting_table":6,"minecraft:wheat":3,"born_in_chaos_v1:monster_flesh":1,"minecraft:salmon":1,"minecraft:jungle_log":92,"minecraft:leather":1,"minecraft:potato":1,"paraglider:spirit_orb":4,"minecraft:flint":1,"minecraft:crimson_planks":8,"minecraft:gunpowder":3,"minecraft:dirt":28,"minecraft:string":1,"minecraft:pufferfish":1,"born_in_chaos_v1:monster_skin":1,"minecraft:purple_banner":1,"minecraft:kelp":8,"minecraft:wheat_seeds":6,"alexsmobs:banana":1,"minecraft:spruce_planks":13,"minecraft:iron_ingot":2,"crittersandcompanions:koi_fish":1,"minecraft:cobweb":3,"minecraft:jungle_sapling":4,"minecraft:spruce_slab":10,"minecraft:bamboo":74,"minecraft:melon_slice":146,"minecraft:chest":3,"minecraft:honeycomb":12,"minecraft:dark_oak_stairs":1,"minecraft:furnace":2,"minecraft:stick":4,"minecraft:milk_bucket":1,"apotheosis:gem":1,"endrem:old_eye":1,"patchouli:guide_book":2,"minecraft:oak_fence":1,"minecraft:spruce_stairs":4,"epicfight:skillbook":2,"minecraft:porkchop":4,"minecraft:jungle_planks":2,"minecraft:barrel":12,"minecraft:jungle_slab":25,"alexsmobs:animal_dictionary":1,"minecraft:spider_eye":1,"minecraft:purple_terracotta":2,"minecraft:dark_oak_planks":2,"minecraft:tnt":4,"minecraft:honey_bottle":3,"minecraft:arrow":10,"minecraft:rotten_flesh":25,"minecraft:tropical_fish":1,"minecraft:hay_block":7,"knight_quest:kq_great_essence":3,"minecraft:bread":7,"minecraft:emerald":5,"minecraft:mutton":4,"minecraft:white_wool":4,"minecraft:coal":17,"minecraft:crimson_slab":2,"minecraft:cobblestone":67},"minecraft:mined":{"minecraft:dark_oak_planks":2,"minecraft:spruce_planks":16,"minecraft:jungle_slab":6,"minecraft:jungle_leaves":5,"minecraft:oak_fence":1,"minecraft:crafting_table":6,"minecraft:purple_terracotta":2,"minecraft:grass_block":3,"minecraft:melon":30,"minecraft:jungle_planks":1,"minecraft:chest":3,"minecraft:crimson_slab":2,"minecraft:jungle_log":92,"minecraft:spawner":2,"minecraft:hay_block":7,"minecraft:spruce_stairs":4,"minecraft:furnace":2,"minecraft:barrel":12,"minecraft:dark_oak_stairs":1,"minecraft:grass":11,"minecraft:coal_ore":7,"minecraft:vine":1,"minecraft:dirt":11,"minecraft:crimson_planks":8,"minecraft:bamboo":7,"minecraft:tripwire_hook":1,"minecraft:stone":43,"minecraft:white_wool":4,"minecraft:oak_leaves":29,"minecraft:spruce_slab":7,"minecraft:fern":3},"minecraft:killed":{"minecraft:pig":1,"minecraft:vindicator":2,"minecraft:spider":1,"minecraft:creeper":1,"minecraft:pillager":11,"minecraft:zombie":1,"born_in_chaos_v1:dread_hound":1,"undead_unleashed:haunter":1,"born_in_chaos_v1:door_knight":1},"minecraft:crafted":{"minecraft:cooked_porkchop":3,"minecraft:crafting_table":2,"minecraft:jungle_boat":2,"minecraft:wooden_pickaxe":1,"minecraft:crimson_slab":6,"minecraft:furnace":1,"minecraft:stone_axe":2,"minecraft:jungle_slab":90,"minecraft:bread":1,"minecraft:air":0,"minecraft:jungle_planks":88,"farmersdelight:cutting_board":1,"minecraft:diamond_pickaxe":1,"minecraft:iron_chestplate":1,"minecraft:stick":20,"minecraft:stone_pickaxe":1,"minecraft:stone_sword":1,"minecraft:chest":1,"minecraft:iron_leggings":1,"minecraft:white_bed":1,"minecraft:torch":16,"minecraft:shears":1,"minecraft:smoker":1}},"DataVersion":3120}