{"stats":{"minecraft:dropped":{"minecraft:kelp":8,"minecraft:jungle_planks":2},"minecraft:custom":{"minecraft:interact_with_furnace":8,"minecraft:mob_kills":7,"minecraft:interact_with_crafting_table":12,"minecraft:damage_dealt_resisted":830,"minecraft:time_since_death":10067,"minecraft:climb_one_cm":1026,"minecraft:time_since_rest":10091,"minecraft:sprint_one_cm":33791,"minecraft:damage_taken":630,"minecraft:walk_one_cm":161935,"minecraft:drop":10,"minecraft:damage_dealt":1496,"minecraft:swim_one_cm":13763,"minecraft:fly_one_cm":34818,"minecraft:open_chest":22,"minecraft:crouch_one_cm":36329,"minecraft:play_time":35577,"minecraft:deaths":1,"minecraft:sneak_time":9631,"minecraft:walk_under_water_one_cm":5998,"minecraft:boat_one_cm":180755,"minecraft:jump":367,"minecraft:walk_on_water_one_cm":12362,"minecraft:total_world_time":35577,"minecraft:fall_one_cm":4144},"minecraft:killed_by":{"minecraft:vex":1},"minecraft:broken":{"minecraft:stone_axe":1},"minecraft:used":{"minecraft:stone_sword":44,"minecraft:spruce_slab":4,"minecraft:stone_pickaxe":28,"minecraft:chest":3,"minecraft:wooden_pickaxe":40,"minecraft:jungle_boat":2,"simpletomb:grave_key":1,"minecraft:torch":2,"minecraft:dirt":18,"minecraft:crafting_table":7,"minecraft:jungle_slab":13,"minecraft:melon_slice":6,"minecraft:crimson_slab":6,"minecraft:stone_axe":162,"minecraft:furnace":2,"minecraft:cooked_porkchop":2,"minecraft:bucket":1,"alexsmobs:banana":1},"minecraft:picked_up":{"minecraft:crafting_table":6,"minecraft:jungle_log":92,"paraglider:spirit_orb":2,"minecraft:crimson_planks":5,"minecraft:gunpowder":1,"minecraft:dirt":28,"minecraft:string":1,"minecraft:kelp":8,"minecraft:wheat_seeds":4,"alexsmobs:banana":1,"minecraft:spruce_planks":6,"minecraft:iron_ingot":2,"minecraft:jungle_sapling":4,"minecraft:spruce_slab":5,"minecraft:bamboo":74,"minecraft:melon_slice":146,"minecraft:chest":3,"minecraft:dark_oak_stairs":1,"minecraft:furnace":2,"minecraft:stick":4,"apotheosis:gem":1,"endrem:old_eye":1,"patchouli:guide_book":2,"minecraft:spruce_stairs":3,"minecraft:porkchop":3,"minecraft:jungle_planks":1,"minecraft:jungle_slab":17,"alexsmobs:animal_dictionary":1,"minecraft:spider_eye":1,"minecraft:rotten_flesh":25,"knight_quest:kq_great_essence":2,"minecraft:coal":7,"minecraft:crimson_slab":2,"minecraft:cobblestone":67},"minecraft:mined":{"minecraft:spruce_planks":6,"minecraft:jungle_leaves":5,"minecraft:crafting_table":6,"minecraft:grass_block":3,"minecraft:melon":30,"minecraft:chest":3,"minecraft:crimson_slab":2,"minecraft:jungle_log":92,"minecraft:spawner":1,"minecraft:spruce_stairs":3,"minecraft:furnace":2,"minecraft:dark_oak_stairs":1,"minecraft:grass":11,"minecraft:coal_ore":7,"minecraft:vine":1,"minecraft:dirt":11,"minecraft:crimson_planks":5,"minecraft:bamboo":7,"minecraft:tripwire_hook":1,"minecraft:stone":43,"minecraft:oak_leaves":29,"minecraft:spruce_slab":3,"minecraft:fern":3},"minecraft:killed":{"minecraft:pig":1,"minecraft:spider":1,"minecraft:creeper":1,"minecraft:zombie":1,"born_in_chaos_v1:door_knight":1},"minecraft:crafted":{"minecraft:cooked_porkchop":3,"minecraft:crafting_table":2,"minecraft:jungle_boat":2,"minecraft:wooden_pickaxe":1,"minecraft:crimson_slab":6,"minecraft:furnace":1,"minecraft:stone_axe":2,"minecraft:jungle_slab":30,"minecraft:bread":1,"minecraft:air":0,"minecraft:jungle_planks":48,"minecraft:stick":20,"minecraft:stone_pickaxe":1,"minecraft:stone_sword":1,"minecraft:chest":1,"minecraft:torch":16}},"DataVersion":3120}