{"stats":{"minecraft:killed_by":{"minecraft:skeleton":1},"minecraft:dropped":{"wom:gesetz":1},"minecraft:mined":{"minecraft:candle":1,"minecraft:grass":3,"undead_unleashed:grave_soil":3},"minecraft:custom":{"minecraft:time_since_rest":25110,"minecraft:sprint_one_cm":160591,"minecraft:damage_taken":398,"minecraft:walk_one_cm":253813,"minecraft:mob_kills":57,"minecraft:drop":1,"minecraft:damage_dealt":10922,"minecraft:damage_dealt_absorbed":1324,"minecraft:fly_one_cm":330328,"minecraft:crouch_one_cm":103,"minecraft:play_time":38066,"minecraft:deaths":2,"minecraft:sneak_time":16,"minecraft:jump":592,"minecraft:damage_dealt_resisted":1818,"minecraft:leave_game":1,"minecraft:walk_on_water_one_cm":1122,"minecraft:time_since_death":25088,"minecraft:total_world_time":38066,"minecraft:fall_one_cm":8149},"minecraft:used":{"wom:agony":42,"wom:ender_blaster":43,"born_in_chaos_v1:skeleton_thrasher_spawn_egg":2,"wom:herrscher":37,"wom:tormented_mind":46,"wom:ruine":61,"wom:netherite_staff":11,"simpletomb:grave_key":1,"wom:antitheus":8,"born_in_chaos_v1:zombie_clown_spawn_egg":12,"wom:moonless":13,"born_in_chaos_v1:dread_hound_spawn_egg":1,"wom:satsujin":47},"minecraft:picked_up":{"born_in_chaos_v1:corpse_maggot":1,"born_in_chaos_v1:shattered_skull":1,"minecraft:feather":2,"minecraft:chicken":2,"born_in_chaos_v1:monster_flesh":1,"minecraft:lead":2,"minecraft:poisonous_potato":2,"undead_unleashed:grave_metal_scrap":6,"minecraft:fire_coral":1,"minecraft:carrot":1,"minecraft:gunpowder":2,"minecraft:shield":1,"born_in_chaos_v1:pieceofdarkmetal":3,"minecraft:prismarine_crystals":3,"wom:gesetz":1,"minecraft:string":1,"minecraft:slime_ball":1,"born_in_chaos_v1:intoxicating_decoction":12,"minecraft:arrow":6,"minecraft:bone":26,"minecraft:rotten_flesh":43,"minecraft:kelp":2,"minecraft:bow":1,"minecraft:gold_nugget":3,"minecraft:candle":2,"undead_unleashed:grave_metal_axe":1,"minecraft:gold_ingot":1,"minecraft:tipped_arrow":1,"minecraft:mutton":7,"apotheosis:gem":1,"minecraft:white_wool":4,"undead_unleashed:grave_metal_helmet":1,"minecraft:egg":1},"minecraft:killed":{"minecraft:skeleton":4,"undead_unleashed:frenzied_knight":1,"minecraft:sheep":5,"born_in_chaos_v1:zombie_clown":12,"minecraft:trader_llama":2,"minecraft:zombie":2,"minecraft:chicken":4,"minecraft:stray":1,"items_to_mobs:shears_ant":2,"born_in_chaos_v1:skeleton_thrasher":2,"minecraft:spider":2,"minecraft:bat":1,"undead_unleashed:haunter":1,"minecraft:wandering_trader":1,"minecraft:creeper":1,"born_in_chaos_v1:barrel_zombie":2,"born_in_chaos_v1:maggot":11}},"DataVersion":3120}