{"stats":{"minecraft:crafted":{"minecraft:crafting_table":1,"minecraft:gold_block":6,"minecraft:acacia_planks":4},"minecraft:custom":{"minecraft:mob_kills":28,"minecraft:interact_with_anvil":1,"minecraft:interact_with_crafting_table":1,"minecraft:open_barrel":26,"minecraft:damage_dealt_resisted":1581,"minecraft:leave_game":2,"minecraft:time_since_death":60020,"minecraft:climb_one_cm":1950,"minecraft:damage_resisted":0,"minecraft:time_since_rest":60049,"minecraft:sprint_one_cm":208887,"minecraft:damage_taken":843,"minecraft:walk_one_cm":407409,"minecraft:drop":52,"minecraft:damage_dealt":5329,"minecraft:damage_dealt_absorbed":5,"minecraft:swim_one_cm":845,"minecraft:fly_one_cm":440538,"minecraft:open_chest":22,"minecraft:crouch_one_cm":17585,"minecraft:play_time":121970,"minecraft:deaths":1,"minecraft:sneak_time":5736,"minecraft:walk_under_water_one_cm":15626,"minecraft:jump":740,"minecraft:walk_on_water_one_cm":97320,"minecraft:total_world_time":121970,"minecraft:fall_one_cm":4972},"minecraft:killed_by":{"minecraft:husk":1},"minecraft:used":{"alexsmobs:spawn_egg_mantis_shrimp":1,"wom:satsujin":2,"epicfight:skillbook":3,"tameablebeasts:scarecrow_block":1,"luminousworld:ishstone":1,"undead_unleashed:moonlight_greatsword":103,"wom:ruine":1,"alexsmobs:spawn_egg_straddler":1,"simpletomb:grave_key":1,"minecraft:anvil":1,"alexsmobs:spawn_egg_gelada_monkey":1,"minecraft:crafting_table":1,"magistuarmory:noble_sword":6,"alexsmobs:spawn_egg_centipede":1,"alexsmobs:spawn_egg_bunfungus":1,"minecraft:iron_pickaxe":47,"alexsmobs:spawn_egg_devils_hole_pupfish":1,"minecraft:cobblestone":30,"minecraft:potion":2,"minecraft:cooked_porkchop":9},"minecraft:killed":{"alexsmobs:bone_serpent":1,"alexsmobs:dropbear":2,"minecraft:husk":1,"luminousworld:hollow":1,"born_in_chaos_v1:zombie_lumberjack":2,"minecraft:spider":3,"minecraft:creeper":2,"born_in_chaos_v1:maggot":2,"born_in_chaos_v1:decrepit_skeleton":2,"minecraft:skeleton":6,"minecraft:zombie":1,"born_in_chaos_v1:skeleton_thrasher":1,"minecraft:wither_skeleton":3,"luminousworld:savannah_zombie":1},"minecraft:picked_up":{"born_in_chaos_v1:corpse_maggot":1,"minecraft:crafting_table":1,"minecraft:iron_chestplate":1,"minecraft:leather_leggings":1,"luminousworld:ishstone":3,"cataclysm:monstrous_helm":1,"minecraft:gold_block":14,"paraglider:spirit_orb":6,"minecraft:oak_log":1,"minecraft:gunpowder":3,"minecraft:wither_skeleton_skull":9,"minecraft:string":2,"minecraft:iron_leggings":1,"minecraft:leather_boots":2,"minecraft:iron_shovel":1,"minecraft:bone":15,"minecraft:blackstone":1,"minecraft:diamond_leggings":1,"minecraft:iron_ingot":1,"sophisticatedbackpacks:diamond_backpack":1,"minecraft:iron_boots":1,"minecraft:raw_iron":21,"apotheosis:gem":1,"born_in_chaos_v1:shattered_skull":2,"minecraft:acacia_log":2,"epicfight:skillbook":2,"undead_unleashed:grave_metal_scrap":7,"born_in_chaos_v1:pieceofdarkmetal":1,"minecraft:golden_chestplate":1,"minecraft:dark_oak_log":6,"minecraft:arrow":1,"minecraft:rotten_flesh":15,"minecraft:granite":11,"knight_quest:kq_great_essence":3,"minecraft:gold_ingot":55,"architects_palette:withered_bone":4,"minecraft:blaze_rod":2,"minecraft:coal":2,"minecraft:bone_block":4,"minecraft:cobblestone":98},"minecraft:dropped":{"minecraft:iron_ingot":64,"epicfight:iron_spear":1,"born_in_chaos_v1:shattered_skull":1,"minecraft:blackstone":1,"minecraft:golden_chestplate":1,"luminousworld:ishstone":2,"minecraft:diamond":32,"minecraft:cooked_porkchop":64,"minecraft:diamond_leggings":2,"minecraft:rotten_flesh":4,"minecraft:iron_helmet":1,"magistuarmory:minicrown_decoration":1,"minecraft:lead":2,"minecraft:wither_skeleton_skull":9,"minecraft:iron_boots":1,"minecraft:granite":11,"epicfight:iron_dagger":2,"minecraft:acacia_log":1,"sophisticatedbackpacks:diamond_backpack":2,"epicfight:iron_longsword":1,"minecraft:dark_oak_log":6,"minecraft:diamond_chestplate":1,"magistuarmory:steel_pavese":1,"minecraft:iron_chestplate":1,"born_in_chaos_v1:corpse_maggot":1,"minecraft:leather_boots":1,"minecraft:diamond_helmet":1,"epicfight:iron_greatsword":1,"magistuarmory:diamond_rondache":1,"minecraft:leather_leggings":1,"minecraft:iron_leggings":1,"minecraft:bone_block":4,"cataclysm:monstrous_helm":1,"minecraft:diamond_boots":1,"epicfight:iron_tachi":1,"minecraft:arrow":1,"minecraft:bow":1,"minecraft:string":2,"paraglider:paraglider":1,"smallships:birch_brigg":1,"epicfight:skillbook":1,"minecraft:gold_ingot":55},"minecraft:mined":{"minecraft:crafting_table":1,"minecraft:cobblestone":4,"minecraft:spawner":2,"minecraft:iron_ore":21,"minecraft:gold_block":14,"minecraft:stone":5}},"DataVersion":3120}