{"stats":{"minecraft:dropped":{"minecraft:netherite_sword":1},"minecraft:custom":{"minecraft:interact_with_smithing_table":7,"minecraft:time_since_rest":4616,"minecraft:sprint_one_cm":126766,"minecraft:open_enderchest":2,"minecraft:damage_taken":2634,"minecraft:walk_one_cm":244552,"minecraft:interact_with_anvil":9,"minecraft:mob_kills":20,"minecraft:drop":1,"minecraft:damage_dealt":2865,"minecraft:damage_dealt_absorbed":90,"minecraft:talked_to_villager":3,"minecraft:fly_one_cm":1347979,"minecraft:open_chest":2,"minecraft:open_shulker_box":2,"minecraft:play_time":164877,"minecraft:deaths":11,"minecraft:sneak_time":487,"minecraft:walk_under_water_one_cm":218,"minecraft:jump":378,"minecraft:damage_dealt_resisted":0,"minecraft:leave_game":6,"minecraft:time_since_death":4570,"minecraft:walk_on_water_one_cm":1359,"minecraft:total_world_time":164877,"minecraft:damage_resisted":23,"minecraft:fall_one_cm":4163},"minecraft:killed_by":{"born_in_chaos_v1:barrel_zombie":1,"minecraft:skeleton":5,"minecraft:zombie":1,"minecraft:pillager":1},"minecraft:used":{"wom:satsujin":23,"minecraft:diorite":1,"theabyss:ring_of_blackstrike":1,"minecraft:ender_chest":3,"minecraft:black_shulker_box":3,"apotheosis:reforging_table":5,"simpletomb:grave_key":7,"minecraft:anvil":3,"minecraft:bow":12,"minecraft:smithing_table":2,"minecraft:cooked_porkchop":1,"apotheosis:salvaging_table":1,"epicfight:skillbook":28},"minecraft:picked_up":{"born_in_chaos_v1:corpse_maggot":1,"luminousworld:groundpebbles_1":1,"apotheosis:gem":1,"apotheosis:rare_material":128,"minecraft:cooked_porkchop":7,"minecraft:lead":2,"orcz:orcagaric":1,"undead_unleashed:grave_metal_scrap":2,"born_in_chaos_v1:intoxicating_decoction":2,"minecraft:bone":3,"minecraft:arrow":2,"minecraft:rotten_flesh":4,"born_in_chaos_v1:fire_dust":1,"minecraft:black_shulker_box":2,"minecraft:netherite_sword":1,"apotheosis:gem_dust":128,"minecraft:phantom_membrane":1},"minecraft:killed":{"minecraft:skeleton":2,"minecraft:trader_llama":2,"minecraft:pillager":1,"minecraft:pig":3,"born_in_chaos_v1:baby_skeleton":1,"born_in_chaos_v1:zombie_clown_not_despawn":1,"minecraft:vindicator":1,"minecraft:wandering_trader":1,"orcz:orcsavage_2sword":1,"orcz:snot":1,"born_in_chaos_v1:firelight_not_despawn":1,"minecraft:creeper":1,"born_in_chaos_v1:maggot":1,"minecraft:phantom":1},"minecraft:crafted":{"knight_quest:kq_wither_set_leggings":2,"wom:satsujin":2,"knight_quest:kq_wither_set_helmet":2,"knight_quest:kq_wither_set_chestplate":2,"knight_quest:kq_wither_set_boots":2}},"DataVersion":3120}