{"stats":{"minecraft:custom":{"minecraft:open_chest":2,"minecraft:time_since_rest":50485,"minecraft:sprint_one_cm":66260,"minecraft:play_time":51810,"minecraft:deaths":1,"minecraft:damage_taken":325,"minecraft:walk_one_cm":77136,"minecraft:sneak_time":241,"minecraft:interact_with_anvil":3,"minecraft:walk_under_water_one_cm":218,"minecraft:mob_kills":6,"minecraft:damage_dealt_resisted":0,"minecraft:jump":222,"minecraft:damage_dealt":389,"minecraft:leave_game":4,"minecraft:walk_on_water_one_cm":1359,"minecraft:time_since_death":48434,"minecraft:total_world_time":51810,"minecraft:talked_to_villager":3,"minecraft:fall_one_cm":418,"minecraft:fly_one_cm":603788},"minecraft:killed_by":{"born_in_chaos_v1:barrel_zombie":1},"minecraft:used":{"simpletomb:grave_key":1,"wom:satsujin":4,"minecraft:bow":12,"theabyss:ring_of_blackstrike":1,"minecraft:anvil":1},"minecraft:picked_up":{"born_in_chaos_v1:intoxicating_decoction":2,"minecraft:rotten_flesh":4,"apotheosis:gem":1,"orcz:orcagaric":1,"born_in_chaos_v1:corpse_maggot":1},"minecraft:killed":{"born_in_chaos_v1:zombie_clown_not_despawn":1,"minecraft:vindicator":1,"minecraft:pillager":1,"orcz:orcsavage_2sword":1,"orcz:snot":1,"born_in_chaos_v1:maggot":1}},"DataVersion":3120}