{"stats":{"minecraft:dropped":{"minecraft:netherite_sword":1},"minecraft:custom":{"minecraft:time_since_rest":98485,"minecraft:interact_with_smithing_table":6,"minecraft:sprint_one_cm":83435,"minecraft:damage_taken":325,"minecraft:walk_one_cm":155190,"minecraft:mob_kills":13,"minecraft:interact_with_anvil":6,"minecraft:drop":1,"minecraft:damage_dealt":1417,"minecraft:damage_dealt_absorbed":90,"minecraft:talked_to_villager":3,"minecraft:fly_one_cm":644913,"minecraft:open_chest":2,"minecraft:play_time":99810,"minecraft:deaths":1,"minecraft:sneak_time":487,"minecraft:walk_under_water_one_cm":218,"minecraft:jump":250,"minecraft:damage_dealt_resisted":0,"minecraft:leave_game":4,"minecraft:time_since_death":96434,"minecraft:walk_on_water_one_cm":1359,"minecraft:total_world_time":99810,"minecraft:fall_one_cm":418},"minecraft:killed_by":{"born_in_chaos_v1:barrel_zombie":1},"minecraft:used":{"wom:satsujin":15,"epicfight:skillbook":28,"minecraft:diorite":1,"theabyss:ring_of_blackstrike":1,"apotheosis:reforging_table":4,"simpletomb:grave_key":1,"minecraft:anvil":3,"minecraft:bow":12,"minecraft:smithing_table":1,"apotheosis:salvaging_table":1},"minecraft:picked_up":{"luminousworld:groundpebbles_1":1,"born_in_chaos_v1:corpse_maggot":1,"apotheosis:rare_material":64,"apotheosis:gem":1,"minecraft:cooked_porkchop":7,"orcz:orcagaric":1,"born_in_chaos_v1:intoxicating_decoction":2,"minecraft:bone":1,"minecraft:rotten_flesh":4,"born_in_chaos_v1:fire_dust":1,"minecraft:netherite_sword":1,"apotheosis:gem_dust":64},"minecraft:killed":{"minecraft:pillager":1,"minecraft:pig":3,"born_in_chaos_v1:baby_skeleton":1,"born_in_chaos_v1:zombie_clown_not_despawn":1,"minecraft:vindicator":1,"orcz:orcsavage_2sword":1,"orcz:snot":1,"born_in_chaos_v1:firelight_not_despawn":1,"born_in_chaos_v1:maggot":1},"minecraft:crafted":{"wom:satsujin":2}},"DataVersion":3120}