{"stats":{"minecraft:custom":{"minecraft:jump":68,"minecraft:time_since_rest":12779,"minecraft:walk_on_water_one_cm":1068,"minecraft:damage_dealt":19,"minecraft:damage_taken":325,"minecraft:leave_game":2,"minecraft:play_time":14104,"minecraft:sprint_one_cm":19277,"minecraft:walk_one_cm":16004,"minecraft:time_since_death":10728,"minecraft:deaths":1,"minecraft:total_world_time":14104,"minecraft:walk_under_water_one_cm":218,"minecraft:fall_one_cm":418,"minecraft:fly_one_cm":85171,"minecraft:damage_dealt_resisted":0},"minecraft:killed_by":{"born_in_chaos_v1:barrel_zombie":1},"minecraft:used":{"simpletomb:grave_key":1}},"DataVersion":3120}