{"stats":{"minecraft:crafted":{"knight_quest:kq_wither_set_leggings":2,"knight_quest:kq_wither_set_boots":2,"wom:satsujin":2,"knight_quest:kq_wither_set_helmet":2,"knight_quest:kq_wither_set_chestplate":5},"minecraft:dropped":{"minecraft:sugar_cane":1,"minecraft:netherite_sword":1,"minecraft:rotten_flesh":2,"apotheosis:gem":1,"born_in_chaos_v1:barrel_zombie_spawn_egg":1,"minecraft:raw_gold":1,"minecraft:nautilus_shell":1,"epicfight:skillbook":1},"minecraft:killed":{"born_in_chaos_v1:barrel_zombie":3,"born_in_chaos_v1:zombie_clown":3,"minecraft:husk":1,"born_in_chaos_v1:bonescaller":1,"minecraft:pig":3,"orcz:goblinshield":2,"tameablebeasts:giant_grasshopper":4,"mca:male_zombie_villager":1,"undead_unleashed:graveriser":1,"born_in_chaos_v1:zombie_lumberjack":1,"born_in_chaos_v1:baby_skeleton":2,"born_in_chaos_v1:swarmer":1,"orcz:goblinsavagemace":1,"alexsmobs:raccoon":1,"born_in_chaos_v1:zombie_clown_not_despawn":1,"minecraft:spider":12,"minecraft:vindicator":2,"orcz:goblinwerid":1,"minecraft:wandering_trader":2,"minecraft:creeper":4,"born_in_chaos_v1:zombie_bruiser":1,"born_in_chaos_v1:baby_skeleton_minion":2,"born_in_chaos_v1:decrepit_skeleton":5,"born_in_chaos_v1:maggot":16,"minecraft:phantom":8,"born_in_chaos_v1:phantom_creeper_copy":2,"born_in_chaos_v1:bloody_gadfly":2,"undead_unleashed:frenzied_knight":1,"minecraft:skeleton":10,"born_in_chaos_v1:dire_hound_leader":1,"tameablebeasts:quetzalcoatlus":4,"minecraft:trader_llama":4,"minecraft:pillager":6,"born_in_chaos_v1:zombie_fisherman":1,"born_in_chaos_v1:decaying_zombie":2,"tameablebeasts:giant_roly_poly":4,"minecraft:zombie":4,"born_in_chaos_v1:dread_hound":8,"born_in_chaos_v1:corpse_fly":6,"born_in_chaos_v1:dark_vortex":1,"orcz:bigorcboss":1,"orcz:orcsavagemace":3,"undead_unleashed:haunter":2,"alexsmobs:crow":2,"born_in_chaos_v1:door_knight":1,"orcz:snot":7,"orcz:orcsavage_2sword":1,"orcz:goblin_2sword":1,"orcz:orcshield":3,"born_in_chaos_v1:firelight_not_despawn":1,"minecraft:enderman":2,"mowziesmobs:naga":2},"minecraft:mined":{"biomesoplenty:bush":2,"minecraft:fern":1},"minecraft:custom":{"minecraft:interact_with_smithing_table":9,"minecraft:interact_with_anvil":9,"minecraft:mob_kills":164,"minecraft:open_shulker_box":5,"minecraft:damage_dealt_resisted":5748,"minecraft:leave_game":17,"minecraft:time_since_death":172156,"minecraft:damage_resisted":89,"minecraft:time_since_rest":172192,"minecraft:sprint_one_cm":306847,"minecraft:open_enderchest":4,"minecraft:damage_taken":4629,"minecraft:walk_one_cm":739726,"minecraft:drop":8,"minecraft:damage_dealt":21540,"minecraft:damage_dealt_absorbed":90,"minecraft:fly_one_cm":1861023,"minecraft:talked_to_villager":3,"minecraft:open_chest":10,"minecraft:play_time":344440,"minecraft:crouch_one_cm":8,"minecraft:sneak_time":497,"minecraft:deaths":15,"minecraft:walk_under_water_one_cm":3276,"minecraft:jump":972,"minecraft:walk_on_water_one_cm":8173,"minecraft:total_world_time":344440,"minecraft:fall_one_cm":48399},"minecraft:used":{"wom:satsujin":165,"minecraft:diorite":1,"epicfight:skillbook":36,"born_in_chaos_v1:barrel_zombie_spawn_egg":1,"minecraft:flint_and_steel":1,"born_in_chaos_v1:decaying_zombie_spawn_egg":3,"minecraft:ender_chest":4,"minecraft:black_shulker_box":5,"simpletomb:grave_key":10,"minecraft:anvil":3,"minecraft:white_bed":1,"minecraft:obsidian":14,"theabyss:ring_of_blackstrike":1,"apotheosis:reforging_table":5,"minecraft:bow":12,"minecraft:smithing_table":3,"minecraft:cooked_porkchop":6,"apotheosis:salvaging_table":1},"minecraft:picked_up":{"born_in_chaos_v1:corpse_maggot":18,"luminousworld:groundpebbles_1":1,"minecraft:iron_chestplate":1,"orcz:orcteeth":43,"born_in_chaos_v1:monster_flesh":13,"minecraft:prismarine_shard":3,"minecraft:lead":2,"minecraft:potato":1,"minecraft:gold_block":2,"minecraft:shield":1,"minecraft:gunpowder":4,"tameablebeasts:quetzal_egg":1,"minecraft:string":8,"undead_unleashed:necrotic_dust":1,"born_in_chaos_v1:monster_skin":7,"born_in_chaos_v1:intoxicating_decoction":5,"minecraft:iron_shovel":1,"minecraft:bone":22,"minecraft:wheat_seeds":1,"minecraft:netherite_sword":1,"minecraft:black_shulker_box":4,"minecraft:raw_gold":1,"minecraft:bucket":1,"undead_unleashed:grave_metal_sword":1,"minecraft:iron_ingot":1,"born_in_chaos_v1:gnawed_bones":2,"apotheosis:gem_dust":128,"minecraft:sugar_cane":1,"minecraft:iron_sword":2,"minecraft:phantom_membrane":3,"minecraft:egg":1,"apotheosis:rare_material":128,"apotheosis:gem":8,"minecraft:cooked_porkchop":7,"born_in_chaos_v1:phantom_powder":4,"minecraft:poisonous_potato":1,"born_in_chaos_v1:ethereal_spirit":1,"orcz:orcagaric":1,"epicfight:skillbook":2,"born_in_chaos_v1:dark_rod":2,"orcz:orchorn":2,"undead_unleashed:grave_metal_scrap":10,"born_in_chaos_v1:fangofthe_hound_leader":2,"minecraft:spruce_log":2,"minecraft:spider_eye":2,"mowziesmobs:naga_fang":1,"minecraft:arrow":16,"minecraft:rotten_flesh":43,"minecraft:slime_ball":2,"born_in_chaos_v1:fire_dust":1,"minecraft:diamond":10,"minecraft:iron_helmet":1,"orcz:orcshroom":1,"minecraft:emerald":2,"born_in_chaos_v1:rotten_fish":1,"orcz:orceye":1,"minecraft:seagrass":1,"minecraft:ender_pearl":1,"minecraft:nautilus_shell":1},"minecraft:killed_by":{"born_in_chaos_v1:decaying_zombie":2,"minecraft:skeleton":5,"minecraft:zombie":1,"minecraft:pillager":1,"born_in_chaos_v1:barrel_zombie":1}},"DataVersion":3120}