{"stats":{"minecraft:custom":{"minecraft:jump":146,"minecraft:time_since_rest":26068,"minecraft:walk_on_water_one_cm":1359,"minecraft:damage_dealt":74,"minecraft:damage_taken":325,"minecraft:leave_game":3,"minecraft:play_time":27393,"minecraft:sprint_one_cm":35064,"minecraft:walk_one_cm":36287,"minecraft:time_since_death":24017,"minecraft:deaths":1,"minecraft:sneak_time":241,"minecraft:total_world_time":27393,"minecraft:walk_under_water_one_cm":218,"minecraft:talked_to_villager":3,"minecraft:fall_one_cm":418,"minecraft:fly_one_cm":403254,"minecraft:damage_dealt_resisted":0},"minecraft:killed_by":{"born_in_chaos_v1:barrel_zombie":1},"minecraft:used":{"simpletomb:grave_key":1}},"DataVersion":3120}