{"stats":{"minecraft:custom":{"minecraft:jump":157,"minecraft:time_since_rest":38485,"minecraft:damage_dealt":74,"minecraft:damage_taken":325,"minecraft:leave_game":4,"minecraft:play_time":39810,"minecraft:time_since_death":36434,"minecraft:sprint_one_cm":36666,"minecraft:walk_one_cm":37713,"minecraft:walk_on_water_one_cm":1359,"minecraft:deaths":1,"minecraft:sneak_time":241,"minecraft:total_world_time":39810,"minecraft:walk_under_water_one_cm":218,"minecraft:interact_with_anvil":2,"minecraft:fall_one_cm":418,"minecraft:talked_to_villager":3,"minecraft:fly_one_cm":490392,"minecraft:damage_dealt_resisted":0},"minecraft:killed_by":{"born_in_chaos_v1:barrel_zombie":1},"minecraft:used":{"simpletomb:grave_key":1,"minecraft:anvil":1}},"DataVersion":3120}