{"stats":{"minecraft:custom":{"minecraft:open_chest":2,"minecraft:time_since_rest":74485,"minecraft:sprint_one_cm":82944,"minecraft:play_time":75810,"minecraft:deaths":1,"minecraft:damage_taken":325,"minecraft:walk_one_cm":144035,"minecraft:sneak_time":487,"minecraft:interact_with_anvil":5,"minecraft:walk_under_water_one_cm":218,"minecraft:mob_kills":13,"minecraft:damage_dealt_resisted":0,"minecraft:jump":249,"minecraft:damage_dealt":1417,"minecraft:leave_game":4,"minecraft:walk_on_water_one_cm":1359,"minecraft:time_since_death":72434,"minecraft:total_world_time":75810,"minecraft:damage_dealt_absorbed":90,"minecraft:talked_to_villager":3,"minecraft:fall_one_cm":418,"minecraft:fly_one_cm":638661},"minecraft:killed_by":{"born_in_chaos_v1:barrel_zombie":1},"minecraft:used":{"simpletomb:grave_key":1,"wom:satsujin":15,"minecraft:bow":12,"theabyss:ring_of_blackstrike":1,"minecraft:anvil":2,"epicfight:skillbook":26},"minecraft:picked_up":{"born_in_chaos_v1:intoxicating_decoction":2,"minecraft:rotten_flesh":4,"apotheosis:gem":1,"orcz:orcagaric":1,"minecraft:bone":1,"born_in_chaos_v1:fire_dust":1,"minecraft:cooked_porkchop":7,"born_in_chaos_v1:corpse_maggot":1},"minecraft:killed":{"born_in_chaos_v1:zombie_clown_not_despawn":1,"minecraft:vindicator":1,"minecraft:pillager":1,"minecraft:pig":3,"orcz:orcsavage_2sword":1,"orcz:snot":1,"born_in_chaos_v1:firelight_not_despawn":1,"born_in_chaos_v1:baby_skeleton":1,"born_in_chaos_v1:maggot":1}},"DataVersion":3120}