{"stats":{"minecraft:dropped":{"minecraft:sugar_cane":1,"minecraft:netherite_sword":1,"minecraft:rotten_flesh":2,"apotheosis:gem":1,"born_in_chaos_v1:barrel_zombie_spawn_egg":1,"minecraft:raw_gold":1,"minecraft:nautilus_shell":1},"minecraft:custom":{"minecraft:interact_with_smithing_table":9,"minecraft:mob_kills":57,"minecraft:interact_with_anvil":9,"minecraft:open_shulker_box":5,"minecraft:damage_dealt_resisted":0,"minecraft:leave_game":7,"minecraft:time_since_death":12341,"minecraft:damage_resisted":43,"minecraft:time_since_rest":12377,"minecraft:sprint_one_cm":138687,"minecraft:open_enderchest":4,"minecraft:damage_taken":3709,"minecraft:walk_one_cm":315485,"minecraft:drop":7,"minecraft:damage_dealt":7448,"minecraft:damage_dealt_absorbed":90,"minecraft:talked_to_villager":3,"minecraft:fly_one_cm":1475386,"minecraft:open_chest":2,"minecraft:crouch_one_cm":8,"minecraft:play_time":184625,"minecraft:deaths":15,"minecraft:sneak_time":497,"minecraft:walk_under_water_one_cm":218,"minecraft:jump":432,"minecraft:walk_on_water_one_cm":1359,"minecraft:total_world_time":184625,"minecraft:fall_one_cm":6685},"minecraft:killed_by":{"minecraft:skeleton":5,"minecraft:zombie":1,"minecraft:pillager":1,"born_in_chaos_v1:barrel_zombie":1,"born_in_chaos_v1:decaying_zombie":2},"minecraft:used":{"wom:satsujin":59,"epicfight:skillbook":28,"minecraft:diorite":1,"born_in_chaos_v1:barrel_zombie_spawn_egg":1,"born_in_chaos_v1:decaying_zombie_spawn_egg":3,"minecraft:ender_chest":4,"minecraft:black_shulker_box":5,"simpletomb:grave_key":10,"minecraft:anvil":3,"minecraft:white_bed":1,"theabyss:ring_of_blackstrike":1,"apotheosis:reforging_table":5,"minecraft:bow":12,"minecraft:cooked_porkchop":2,"minecraft:smithing_table":3,"apotheosis:salvaging_table":1},"minecraft:picked_up":{"minecraft:nautilus_shell":1,"luminousworld:groundpebbles_1":1,"born_in_chaos_v1:corpse_maggot":14,"born_in_chaos_v1:monster_flesh":3,"minecraft:lead":2,"minecraft:gunpowder":2,"tameablebeasts:quetzal_egg":1,"minecraft:string":2,"born_in_chaos_v1:monster_skin":1,"born_in_chaos_v1:intoxicating_decoction":4,"minecraft:bone":5,"minecraft:netherite_sword":1,"minecraft:black_shulker_box":4,"minecraft:raw_gold":1,"minecraft:iron_ingot":1,"born_in_chaos_v1:gnawed_bones":1,"apotheosis:gem_dust":128,"minecraft:sugar_cane":1,"minecraft:iron_sword":1,"minecraft:phantom_membrane":1,"apotheosis:rare_material":128,"apotheosis:gem":4,"minecraft:cooked_porkchop":7,"orcz:orcagaric":1,"undead_unleashed:grave_metal_scrap":2,"minecraft:spruce_log":2,"minecraft:arrow":2,"born_in_chaos_v1:fire_dust":1,"minecraft:rotten_flesh":25,"minecraft:slime_ball":2,"born_in_chaos_v1:rotten_fish":1},"minecraft:killed":{"born_in_chaos_v1:barrel_zombie":1,"born_in_chaos_v1:zombie_clown":1,"minecraft:pig":3,"born_in_chaos_v1:zombie_lumberjack":1,"born_in_chaos_v1:baby_skeleton":1,"born_in_chaos_v1:swarmer":1,"born_in_chaos_v1:zombie_clown_not_despawn":1,"minecraft:spider":1,"minecraft:vindicator":1,"minecraft:wandering_trader":1,"minecraft:creeper":2,"born_in_chaos_v1:zombie_bruiser":1,"born_in_chaos_v1:decrepit_skeleton":2,"born_in_chaos_v1:maggot":13,"minecraft:phantom":1,"minecraft:skeleton":2,"tameablebeasts:quetzalcoatlus":4,"minecraft:trader_llama":2,"born_in_chaos_v1:zombie_fisherman":1,"minecraft:pillager":1,"born_in_chaos_v1:decaying_zombie":1,"born_in_chaos_v1:dread_hound":4,"born_in_chaos_v1:corpse_fly":5,"orcz:orcsavage_2sword":1,"orcz:snot":1,"born_in_chaos_v1:firelight_not_despawn":1},"minecraft:crafted":{"knight_quest:kq_wither_set_leggings":2,"knight_quest:kq_wither_set_boots":2,"wom:satsujin":2,"knight_quest:kq_wither_set_helmet":2,"knight_quest:kq_wither_set_chestplate":5}},"DataVersion":3120}