{"stats":{"minecraft:custom":{"minecraft:open_chest":11,"minecraft:time_since_rest":10671,"minecraft:play_time":22062,"minecraft:sprint_one_cm":61547,"minecraft:damage_taken":28,"minecraft:walk_one_cm":108197,"minecraft:jump":117,"minecraft:damage_dealt":0,"minecraft:time_since_death":22062,"minecraft:walk_on_water_one_cm":338,"minecraft:sleep_in_bed":1,"minecraft:total_world_time":22062,"minecraft:interact_with_crafting_table":1,"minecraft:fall_one_cm":3236,"minecraft:fly_one_cm":36694},"minecraft:used":{"minecraft:stone_axe":5,"minecraft:purple_bed":1,"minecraft:bread":2,"minecraft:chainmail_helmet":1,"minecraft:potato":1,"minecraft:spruce_log":1},"minecraft:picked_up":{"minecraft:armor_stand":2,"minecraft:crafting_table":1,"minecraft:wheat":9,"minecraft:purple_bed":2,"minecraft:pumpkin":5,"minecraft:wheat_seeds":25,"minecraft:potato":1,"minecraft:spruce_log":3,"minecraft:iron_chestplate":1},"minecraft:mined":{"luminousworld:mossbuds_2":1,"minecraft:purple_bed":2,"minecraft:potatoes":1,"minecraft:wheat":11,"luminousworld:blackberrybush":1,"minecraft:spruce_log":3,"minecraft:spruce_leaves":2,"minecraft:pumpkin":5,"luminousworld:mossbuds_3":1,"minecraft:crafting_table":1,"minecraft:grass":1},"minecraft:crafted":{"minecraft:stick":4,"minecraft:spruce_planks":8}},"DataVersion":3120}