{"stats":{"minecraft:custom":{"minecraft:mob_kills":28,"minecraft:interact_with_crafting_table":7,"minecraft:interact_with_loom":1,"minecraft:damage_dealt_resisted":0,"minecraft:time_since_death":82062,"minecraft:sleep_in_bed":5,"minecraft:climb_one_cm":8035,"minecraft:damage_resisted":0,"minecraft:time_since_rest":9395,"minecraft:sprint_one_cm":403166,"minecraft:walk_one_cm":614217,"minecraft:damage_taken":345,"minecraft:damage_absorbed":785,"minecraft:drop":18,"minecraft:damage_dealt":6055,"minecraft:swim_one_cm":8017,"minecraft:damage_dealt_absorbed":41,"minecraft:fly_one_cm":306276,"minecraft:open_chest":62,"minecraft:crouch_one_cm":904,"minecraft:play_time":82062,"minecraft:sneak_time":348,"minecraft:walk_under_water_one_cm":5485,"minecraft:boat_one_cm":29992,"minecraft:jump":1218,"minecraft:walk_on_water_one_cm":6450,"minecraft:total_world_time":82062,"minecraft:fall_one_cm":27977},"minecraft:dropped":{"magistuarmory:barding":1,"minecraft:stone_axe":1,"minecraft:wheat_seeds":34,"minecraft:rotten_flesh":3,"minecraft:carrot":4,"minecraft:stick":4,"minecraft:big_dripleaf":2,"minecraft:dark_oak_log":2,"minecraft:dark_oak_fence":2,"minecraft:diorite_wall":1,"born_in_chaos_v1:corpse_maggot":15,"minecraft:purple_bed":1,"minecraft:spider_eye":2,"minecraft:spruce_log":16,"minecraft:bone":2},"minecraft:used":{"minecraft:calcite":2,"epicfight:skillbook":1,"minecraft:chest":23,"minecraft:chainmail_helmet":1,"minecraft:dirt":14,"minecraft:crafting_table":3,"biomesoplenty:mahogany_door":1,"minecraft:spruce_log":1,"minecraft:spruce_boat":2,"minecraft:iron_pickaxe":5,"minecraft:bread":20,"minecraft:diorite_wall":2,"minecraft:item_frame":4,"minecraft:stone_axe":124,"minecraft:purple_bed":5,"minecraft:potato":1},"minecraft:picked_up":{"born_in_chaos_v1:corpse_maggot":15,"minecraft:crafting_table":1,"minecraft:iron_chestplate":1,"minecraft:wheat":9,"born_in_chaos_v1:seedof_chaos":1,"minecraft:potato":1,"minecraft:oak_log":1,"minecraft:dirt":33,"minecraft:string":1,"minecraft:item_frame":4,"minecraft:armor_stand":2,"minecraft:bone":2,"minecraft:wheat_seeds":34,"minecraft:calcite":2,"minecraft:chest":7,"tameablebeasts:purple_allay":1,"minecraft:diorite_wall":3,"apotheosis:gem":7,"minecraft:pumpkin":5,"minecraft:big_dripleaf":2,"born_in_chaos_v1:ethereal_spirit":2,"epicfight:skillbook":1,"undead_unleashed:grave_metal_scrap":4,"minecraft:spruce_log":19,"minecraft:dark_oak_log":2,"minecraft:spider_eye":2,"biomesoplenty:mahogany_log":7,"minecraft:arrow":8,"minecraft:purple_bed":6,"minecraft:rotten_flesh":7,"minecraft:stone_axe":1,"minecraft:crossbow":2,"minecraft:emerald":6,"minecraft:dark_oak_fence":2},"minecraft:mined":{"minecraft:dark_oak_leaves":1,"minecraft:jungle_leaves":2,"minecraft:crafting_table":1,"minecraft:emerald_ore":1,"minecraft:dark_oak_fence":3,"minecraft:calcite":2,"minecraft:grass_block":1,"luminousworld:mossbuds_2":1,"minecraft:chest":7,"luminousworld:grassvariant_2":1,"luminousworld:blackberrybush":2,"minecraft:spruce_leaves":2,"minecraft:large_fern":1,"minecraft:purple_bed":5,"biomesoplenty:mahogany_log":7,"minecraft:wheat":11,"minecraft:spruce_log":3,"minecraft:pumpkin":5,"luminousworld:mossbuds_3":1,"minecraft:oak_log":1,"minecraft:grass":4,"minecraft:diorite_wall":2,"minecraft:potatoes":1,"minecraft:vine":4,"minecraft:oak_leaves":8,"minecraft:fern":12},"minecraft:killed":{"born_in_chaos_v1:zombie_lumberjack":2,"born_in_chaos_v1:swarmer":1,"minecraft:spider":2,"alexsmobs:seagull":1,"born_in_chaos_v1:decrepit_skeleton":1,"born_in_chaos_v1:maggot":1,"minecraft:skeleton":1,"minecraft:pillager":6,"minecraft:zombie":2,"undead_unleashed:shadewraith":1,"luminousworld:dark_oak_skeleton":4,"born_in_chaos_v1:corpse_fly":1,"undead_unleashed:haunter":1,"luminousworld:dark_oak_zombie":2},"minecraft:crafted":{"minecraft:crossbow":1,"minecraft:crafting_table":2,"minecraft:spruce_planks":148,"biomesoplenty:mahogany_planks":8,"biomesoplenty:mahogany_door":3,"minecraft:stick":4,"minecraft:chest":16,"minecraft:spruce_boat":2}},"DataVersion":3120}