{"stats":{"minecraft:custom":{"minecraft:jump":20,"minecraft:time_since_rest":10062,"minecraft:walk_on_water_one_cm":338,"minecraft:sprint_one_cm":5414,"minecraft:play_time":10062,"minecraft:damage_taken":10,"minecraft:time_since_death":10062,"minecraft:walk_one_cm":26742,"minecraft:total_world_time":10062,"minecraft:fall_one_cm":602,"minecraft:fly_one_cm":2984},"minecraft:used":{"minecraft:potato":1},"minecraft:picked_up":{"minecraft:wheat":9,"minecraft:purple_bed":1,"minecraft:pumpkin":5,"minecraft:wheat_seeds":25,"minecraft:potato":1},"minecraft:mined":{"luminousworld:mossbuds_2":1,"minecraft:potatoes":1,"minecraft:wheat":11,"minecraft:spruce_leaves":1,"minecraft:purple_bed":1,"luminousworld:mossbuds_3":1,"minecraft:pumpkin":5}},"DataVersion":3120}