{"stats":{"minecraft:dropped":{"minecraft:dark_oak_log":2,"born_in_chaos_v1:corpse_maggot":15,"minecraft:purple_bed":1,"minecraft:rotten_flesh":3,"minecraft:carrot":4},"minecraft:custom":{"minecraft:damage_absorbed":214,"minecraft:time_since_rest":1140,"minecraft:sprint_one_cm":242115,"minecraft:damage_taken":345,"minecraft:walk_one_cm":343428,"minecraft:mob_kills":14,"minecraft:drop":6,"minecraft:damage_dealt":2961,"minecraft:damage_dealt_absorbed":41,"minecraft:interact_with_crafting_table":3,"minecraft:fly_one_cm":150689,"minecraft:interact_with_loom":1,"minecraft:open_chest":21,"minecraft:crouch_one_cm":394,"minecraft:play_time":46062,"minecraft:sneak_time":50,"minecraft:boat_one_cm":29992,"minecraft:damage_dealt_resisted":0,"minecraft:jump":520,"minecraft:walk_on_water_one_cm":1608,"minecraft:time_since_death":46062,"minecraft:sleep_in_bed":3,"minecraft:total_world_time":46062,"minecraft:climb_one_cm":2169,"minecraft:damage_resisted":0,"minecraft:fall_one_cm":10048},"minecraft:used":{"minecraft:spruce_boat":2,"epicfight:skillbook":1,"minecraft:bread":16,"minecraft:chainmail_helmet":1,"minecraft:stone_axe":56,"minecraft:purple_bed":2,"minecraft:crafting_table":2,"minecraft:potato":1,"minecraft:spruce_log":1},"minecraft:picked_up":{"born_in_chaos_v1:corpse_maggot":15,"minecraft:iron_chestplate":1,"apotheosis:gem":3,"minecraft:crafting_table":1,"minecraft:wheat":9,"minecraft:pumpkin":5,"born_in_chaos_v1:ethereal_spirit":2,"minecraft:potato":1,"epicfight:skillbook":1,"minecraft:spruce_log":3,"minecraft:dark_oak_log":2,"minecraft:armor_stand":2,"minecraft:arrow":3,"minecraft:purple_bed":4,"minecraft:rotten_flesh":4,"minecraft:wheat_seeds":27,"minecraft:emerald":3,"minecraft:dark_oak_fence":2},"minecraft:mined":{"minecraft:large_fern":1,"minecraft:purple_bed":3,"minecraft:dark_oak_leaves":1,"minecraft:wheat":11,"minecraft:spruce_log":3,"luminousworld:mossbuds_3":1,"minecraft:pumpkin":5,"minecraft:crafting_table":1,"minecraft:dark_oak_fence":3,"minecraft:grass":2,"luminousworld:mossbuds_2":1,"minecraft:potatoes":1,"luminousworld:grassvariant_2":1,"luminousworld:blackberrybush":2,"minecraft:spruce_leaves":2,"minecraft:fern":2},"minecraft:killed":{"minecraft:pillager":3,"minecraft:zombie":2,"luminousworld:dark_oak_skeleton":1,"born_in_chaos_v1:corpse_fly":1,"born_in_chaos_v1:zombie_lumberjack":1,"born_in_chaos_v1:swarmer":1,"luminousworld:dark_oak_zombie":1,"alexsmobs:seagull":1,"born_in_chaos_v1:decrepit_skeleton":1,"born_in_chaos_v1:maggot":1},"minecraft:crafted":{"minecraft:crafting_table":1,"minecraft:spruce_planks":16,"minecraft:stick":4,"minecraft:spruce_boat":2}},"DataVersion":3120}