{"stats":{"minecraft:dropped":{"minecraft:dark_oak_log":2,"minecraft:purple_bed":1,"minecraft:rotten_flesh":1,"minecraft:carrot":4},"minecraft:custom":{"minecraft:time_since_rest":3316,"minecraft:sprint_one_cm":146042,"minecraft:damage_taken":345,"minecraft:walk_one_cm":241579,"minecraft:mob_kills":8,"minecraft:drop":4,"minecraft:damage_dealt":1659,"minecraft:damage_dealt_absorbed":41,"minecraft:interact_with_crafting_table":2,"minecraft:fly_one_cm":106432,"minecraft:open_chest":13,"minecraft:crouch_one_cm":329,"minecraft:play_time":34062,"minecraft:sneak_time":30,"minecraft:boat_one_cm":2373,"minecraft:damage_dealt_resisted":0,"minecraft:jump":359,"minecraft:walk_on_water_one_cm":338,"minecraft:time_since_death":34062,"minecraft:sleep_in_bed":2,"minecraft:total_world_time":34062,"minecraft:climb_one_cm":514,"minecraft:damage_resisted":0,"minecraft:fall_one_cm":6998},"minecraft:used":{"minecraft:spruce_boat":1,"epicfight:skillbook":1,"minecraft:bread":12,"minecraft:chainmail_helmet":1,"minecraft:stone_axe":34,"minecraft:purple_bed":1,"minecraft:crafting_table":2,"minecraft:potato":1,"minecraft:spruce_log":1},"minecraft:picked_up":{"born_in_chaos_v1:corpse_maggot":15,"minecraft:iron_chestplate":1,"apotheosis:gem":3,"minecraft:crafting_table":1,"minecraft:wheat":9,"minecraft:pumpkin":5,"born_in_chaos_v1:ethereal_spirit":2,"minecraft:potato":1,"epicfight:skillbook":1,"minecraft:spruce_log":3,"minecraft:dark_oak_log":2,"minecraft:armor_stand":2,"minecraft:purple_bed":3,"minecraft:rotten_flesh":3,"minecraft:wheat_seeds":26},"minecraft:mined":{"minecraft:purple_bed":2,"minecraft:wheat":11,"minecraft:spruce_log":3,"luminousworld:mossbuds_3":1,"minecraft:pumpkin":5,"minecraft:crafting_table":1,"minecraft:grass":2,"luminousworld:mossbuds_2":1,"minecraft:potatoes":1,"luminousworld:blackberrybush":2,"minecraft:spruce_leaves":2,"minecraft:fern":1},"minecraft:killed":{"minecraft:zombie":2,"born_in_chaos_v1:corpse_fly":1,"born_in_chaos_v1:zombie_lumberjack":1,"born_in_chaos_v1:swarmer":1,"born_in_chaos_v1:decrepit_skeleton":1,"born_in_chaos_v1:maggot":1},"minecraft:crafted":{"minecraft:crafting_table":1,"minecraft:spruce_planks":12,"minecraft:stick":4,"minecraft:spruce_boat":1}},"DataVersion":3120}