{"stats":{"minecraft:custom":{"minecraft:mob_kills":53,"minecraft:interact_with_crafting_table":11,"minecraft:interact_with_loom":1,"minecraft:damage_dealt_resisted":0,"minecraft:time_since_death":130062,"minecraft:sleep_in_bed":7,"minecraft:climb_one_cm":29966,"minecraft:damage_resisted":0,"minecraft:time_since_rest":19556,"minecraft:sprint_one_cm":652841,"minecraft:walk_one_cm":951545,"minecraft:damage_taken":345,"minecraft:damage_absorbed":1757,"minecraft:drop":20,"minecraft:damage_dealt":11413,"minecraft:swim_one_cm":9287,"minecraft:damage_dealt_absorbed":195,"minecraft:fly_one_cm":551498,"minecraft:open_chest":95,"minecraft:crouch_one_cm":5279,"minecraft:play_time":130062,"minecraft:sneak_time":3586,"minecraft:walk_under_water_one_cm":5645,"minecraft:boat_one_cm":29992,"minecraft:jump":2134,"minecraft:walk_on_water_one_cm":6761,"minecraft:total_world_time":130062,"minecraft:fall_one_cm":55471},"minecraft:dropped":{"magistuarmory:barding":1,"minecraft:stone_axe":2,"minecraft:wheat_seeds":34,"minecraft:rotten_flesh":3,"minecraft:carrot":4,"minecraft:stick":4,"minecraft:big_dripleaf":2,"minecraft:dark_oak_log":2,"undead_unleashed:grave_metal_axe":1,"minecraft:dark_oak_fence":2,"minecraft:diorite_wall":1,"born_in_chaos_v1:corpse_maggot":15,"minecraft:purple_bed":1,"minecraft:spider_eye":2,"minecraft:spruce_log":16,"minecraft:bone":2},"minecraft:used":{"minecraft:calcite":2,"epicfight:skillbook":1,"minecraft:stone_sword":111,"minecraft:oak_planks":16,"minecraft:ladder":25,"minecraft:chest":25,"minecraft:chainmail_helmet":1,"minecraft:torch":3,"minecraft:dirt":32,"minecraft:crafting_table":5,"biomesoplenty:mahogany_door":1,"minecraft:crossbow":1,"minecraft:spruce_log":1,"minecraft:spruce_boat":2,"minecraft:iron_pickaxe":66,"minecraft:bread":30,"minecraft:diorite_wall":2,"minecraft:item_frame":4,"minecraft:stone_axe":150,"minecraft:purple_bed":5,"born_in_chaos_v1:wood_splitter_axe":28,"minecraft:potato":1},"minecraft:picked_up":{"minecraft:birch_log":3,"minecraft:magma_block":1,"born_in_chaos_v1:corpse_maggot":18,"minecraft:crafting_table":1,"minecraft:iron_chestplate":1,"minecraft:wheat":9,"born_in_chaos_v1:monster_flesh":2,"born_in_chaos_v1:seedof_chaos":2,"minecraft:potato":1,"minecraft:gold_block":1,"minecraft:oak_log":26,"minecraft:dirt":34,"minecraft:string":4,"born_in_chaos_v1:monster_skin":2,"minecraft:item_frame":4,"minecraft:armor_stand":2,"minecraft:bone":15,"minecraft:wheat_seeds":34,"minecraft:cobbled_deepslate":1,"minecraft:spruce_planks":8,"minecraft:calcite":2,"minecraft:chest":8,"minecraft:egg":1,"minecraft:iron_boots":1,"tameablebeasts:purple_allay":1,"minecraft:stick":3,"minecraft:raw_iron":19,"minecraft:diorite_wall":3,"apotheosis:gem":8,"minecraft:pumpkin":5,"minecraft:big_dripleaf":3,"born_in_chaos_v1:pieceofdarkmetal":4,"born_in_chaos_v1:ethereal_spirit":7,"epicfight:skillbook":1,"minecraft:spruce_sapling":2,"undead_unleashed:grave_metal_scrap":11,"minecraft:spruce_log":19,"minecraft:dark_oak_log":2,"minecraft:spider_eye":2,"biomesoplenty:mahogany_log":8,"minecraft:arrow":15,"minecraft:purple_bed":6,"minecraft:rotten_flesh":19,"minecraft:stone_axe":1,"born_in_chaos_v1:wood_splitter_axe":1,"minecraft:iron_helmet":1,"minecraft:crossbow":2,"undead_unleashed:grave_metal_axe":1,"minecraft:emerald":6,"minecraft:netherrack":3,"minecraft:dark_oak_fence":2,"minecraft:coal":11,"minecraft:cobblestone":24},"minecraft:mined":{"minecraft:spruce_planks":8,"minecraft:dark_oak_leaves":1,"minecraft:sculk_vein":2,"minecraft:jungle_leaves":2,"minecraft:crafting_table":1,"minecraft:emerald_ore":1,"minecraft:dark_oak_fence":3,"minecraft:calcite":2,"minecraft:grass_block":2,"luminousworld:mossbuds_2":1,"minecraft:chest":8,"luminousworld:grassvariant_2":1,"minecraft:cobblestone":18,"luminousworld:blackberrybush":2,"biomesoplenty:sprout":2,"minecraft:spruce_leaves":26,"minecraft:large_fern":1,"minecraft:purple_bed":5,"minecraft:magma_block":1,"minecraft:iron_ore":19,"biomesoplenty:mahogany_log":8,"minecraft:wheat":11,"minecraft:spruce_log":3,"minecraft:pumpkin":5,"luminousworld:mossbuds_3":1,"minecraft:gold_block":1,"minecraft:coal_ore":13,"minecraft:oak_log":27,"minecraft:grass":8,"minecraft:diorite_wall":2,"minecraft:potatoes":1,"minecraft:vine":6,"minecraft:cobweb":1,"minecraft:stone":4,"minecraft:netherrack":3,"minecraft:deepslate":1,"minecraft:oak_leaves":8,"minecraft:fern":34},"minecraft:killed":{"born_in_chaos_v1:fallen_chaos_knight":1,"born_in_chaos_v1:restless_spirit":1,"minecraft:zombie_villager":1,"born_in_chaos_v1:zombie_lumberjack":3,"born_in_chaos_v1:swarmer":1,"minecraft:spider":3,"alexsmobs:seagull":1,"born_in_chaos_v1:scarlet_persecutor":4,"born_in_chaos_v1:decrepit_skeleton":1,"born_in_chaos_v1:maggot":3,"minecraft:skeleton":6,"minecraft:pillager":6,"born_in_chaos_v1:dread_hound":3,"minecraft:zombie":5,"undead_unleashed:shadewraith":2,"luminousworld:dark_oak_skeleton":4,"born_in_chaos_v1:corpse_fly":3,"undead_unleashed:haunter":1,"luminousworld:dark_oak_zombie":2},"minecraft:crafted":{"minecraft:oak_planks":100,"minecraft:crossbow":1,"sophisticatedbackpacks:backpack":1,"minecraft:crafting_table":4,"minecraft:spruce_planks":180,"biomesoplenty:mahogany_planks":8,"minecraft:leather":4,"minecraft:ladder":63,"biomesoplenty:mahogany_door":3,"minecraft:stick":156,"minecraft:chest":18,"minecraft:spruce_boat":2}},"DataVersion":3120}