{"stats":{"minecraft:dropped":{"minecraft:wheat_seeds":34,"minecraft:stick":4,"minecraft:dark_oak_log":2,"minecraft:dark_oak_fence":2,"minecraft:bone":2,"magistuarmory:barding":1,"minecraft:stone_axe":2,"minecraft:rotten_flesh":3,"minecraft:carrot":4,"minecraft:big_dripleaf":2,"undead_unleashed:grave_metal_axe":1,"minecraft:diorite_wall":1,"minecraft:purple_bed":1,"born_in_chaos_v1:corpse_maggot":15,"minecraft:spider_eye":2,"minecraft:spruce_log":16},"minecraft:custom":{"minecraft:mob_kills":54,"minecraft:interact_with_crafting_table":12,"minecraft:open_barrel":3,"minecraft:damage_dealt_resisted":0,"minecraft:leave_game":1,"minecraft:time_since_death":138473,"minecraft:climb_one_cm":33824,"minecraft:damage_resisted":0,"minecraft:sprint_one_cm":717869,"minecraft:walk_one_cm":1003201,"minecraft:drop":20,"minecraft:damage_dealt_absorbed":195,"minecraft:play_time":138473,"minecraft:sneak_time":3864,"minecraft:walk_under_water_one_cm":5645,"minecraft:boat_one_cm":29992,"minecraft:jump":2192,"minecraft:walk_on_water_one_cm":6761,"minecraft:total_world_time":138473,"minecraft:interact_with_furnace":6,"minecraft:interact_with_loom":1,"minecraft:sleep_in_bed":7,"minecraft:time_since_rest":27967,"minecraft:damage_taken":345,"minecraft:damage_absorbed":1761,"minecraft:damage_dealt":11613,"minecraft:swim_one_cm":9287,"minecraft:fly_one_cm":563481,"minecraft:open_chest":95,"minecraft:crouch_one_cm":7601,"minecraft:fall_one_cm":55471},"minecraft:used":{"minecraft:stone_sword":111,"minecraft:ladder":25,"minecraft:chest":25,"minecraft:torch":13,"minecraft:dirt":32,"minecraft:spruce_boat":2,"minecraft:diorite_wall":2,"minecraft:item_frame":4,"minecraft:potato":1,"minecraft:calcite":2,"epicfight:skillbook":1,"minecraft:oak_planks":16,"minecraft:chainmail_helmet":1,"minecraft:crafting_table":5,"biomesoplenty:mahogany_door":1,"minecraft:crossbow":2,"minecraft:spruce_log":1,"minecraft:bread":30,"minecraft:iron_pickaxe":101,"minecraft:stone_axe":150,"minecraft:purple_bed":5,"born_in_chaos_v1:wood_splitter_axe":32},"minecraft:picked_up":{"minecraft:iron_chestplate":1,"minecraft:crafting_table":1,"minecraft:wheat":9,"born_in_chaos_v1:seedof_chaos":2,"minecraft:gold_block":1,"minecraft:string":4,"minecraft:armor_stand":2,"minecraft:item_frame":4,"minecraft:cobbled_deepslate":10,"minecraft:spruce_planks":8,"minecraft:calcite":2,"minecraft:chest":8,"tameablebeasts:purple_allay":1,"minecraft:iron_boots":1,"minecraft:egg":1,"minecraft:stick":3,"minecraft:raw_iron":19,"apotheosis:gem":8,"minecraft:big_dripleaf":3,"minecraft:torch":1,"epicfight:skillbook":1,"born_in_chaos_v1:pieceofdarkmetal":4,"minecraft:arrow":15,"minecraft:rotten_flesh":19,"born_in_chaos_v1:wood_splitter_axe":1,"minecraft:cobblestone":25,"minecraft:birch_log":3,"born_in_chaos_v1:corpse_maggot":18,"minecraft:magma_block":1,"born_in_chaos_v1:monster_flesh":2,"minecraft:potato":1,"minecraft:tuff":19,"minecraft:oak_log":26,"minecraft:gunpowder":1,"minecraft:lapis_lazuli":14,"minecraft:dirt":34,"born_in_chaos_v1:monster_skin":2,"minecraft:bone":15,"minecraft:wheat_seeds":34,"minecraft:diorite_wall":3,"minecraft:pumpkin":5,"born_in_chaos_v1:ethereal_spirit":7,"undead_unleashed:grave_metal_scrap":11,"minecraft:spruce_sapling":3,"minecraft:spruce_log":19,"minecraft:dark_oak_log":2,"minecraft:spider_eye":2,"biomesoplenty:mahogany_log":8,"minecraft:purple_bed":6,"minecraft:stone_axe":1,"minecraft:iron_helmet":1,"minecraft:crossbow":2,"undead_unleashed:grave_metal_axe":1,"minecraft:emerald":6,"minecraft:netherrack":3,"minecraft:dark_oak_fence":2,"minecraft:coal":11},"minecraft:mined":{"minecraft:tuff":20,"minecraft:spruce_planks":8,"minecraft:dark_oak_leaves":1,"minecraft:sculk_vein":4,"minecraft:jungle_leaves":2,"minecraft:dark_oak_fence":3,"luminousworld:mossbuds_2":1,"minecraft:grass_block":2,"luminousworld:grassvariant_2":1,"luminousworld:blackberrybush":2,"minecraft:spruce_leaves":42,"minecraft:large_fern":1,"minecraft:magma_block":1,"minecraft:iron_ore":19,"luminousworld:mossbuds_3":1,"minecraft:pumpkin":5,"minecraft:deepslate_lapis_ore":2,"minecraft:gold_block":1,"minecraft:potatoes":1,"minecraft:vine":8,"minecraft:stone":4,"minecraft:crafting_table":1,"minecraft:emerald_ore":1,"minecraft:calcite":2,"minecraft:chest":8,"minecraft:cobblestone":22,"biomesoplenty:sprout":2,"minecraft:purple_bed":5,"biomesoplenty:mahogany_log":8,"minecraft:wheat":11,"minecraft:spruce_log":3,"minecraft:grass":8,"minecraft:oak_log":28,"minecraft:coal_ore":13,"minecraft:diorite_wall":2,"minecraft:cobweb":1,"minecraft:netherrack":3,"minecraft:oak_leaves":8,"minecraft:deepslate":10,"minecraft:fern":34},"minecraft:killed":{"born_in_chaos_v1:zombie_lumberjack":3,"born_in_chaos_v1:restless_spirit":1,"minecraft:spider":3,"alexsmobs:seagull":1,"born_in_chaos_v1:maggot":3,"born_in_chaos_v1:scarlet_persecutor":4,"minecraft:skeleton":6,"luminousworld:dark_oak_skeleton":4,"born_in_chaos_v1:fallen_chaos_knight":1,"minecraft:zombie_villager":1,"born_in_chaos_v1:swarmer":1,"minecraft:creeper":1,"born_in_chaos_v1:decrepit_skeleton":1,"minecraft:pillager":6,"minecraft:zombie":5,"undead_unleashed:shadewraith":2,"born_in_chaos_v1:dread_hound":3,"born_in_chaos_v1:corpse_fly":3,"undead_unleashed:haunter":1,"luminousworld:dark_oak_zombie":2},"minecraft:crafted":{"minecraft:oak_planks":100,"biomesoplenty:mahogany_planks":8,"minecraft:leather":4,"minecraft:ladder":63,"minecraft:chest":18,"minecraft:spruce_boat":2,"sophisticatedbackpacks:iron_backpack":1,"minecraft:crossbow":1,"sophisticatedbackpacks:backpack":1,"minecraft:crafting_table":4,"minecraft:spruce_planks":180,"minecraft:air":0,"biomesoplenty:mahogany_door":3,"minecraft:stick":156,"minecraft:iron_ingot":15}},"DataVersion":3120}