{"stats":{"minecraft:custom":{"minecraft:mob_kills":24,"minecraft:interact_with_crafting_table":3,"minecraft:interact_with_loom":1,"minecraft:damage_dealt_resisted":0,"minecraft:time_since_death":58062,"minecraft:sleep_in_bed":3,"minecraft:climb_one_cm":2424,"minecraft:damage_resisted":0,"minecraft:time_since_rest":13140,"minecraft:sprint_one_cm":346742,"minecraft:walk_one_cm":431129,"minecraft:damage_taken":345,"minecraft:damage_absorbed":486,"minecraft:drop":11,"minecraft:damage_dealt":5189,"minecraft:swim_one_cm":5338,"minecraft:damage_dealt_absorbed":41,"minecraft:fly_one_cm":250526,"minecraft:open_chest":24,"minecraft:crouch_one_cm":394,"minecraft:play_time":58062,"minecraft:sneak_time":50,"minecraft:walk_under_water_one_cm":1204,"minecraft:boat_one_cm":29992,"minecraft:jump":889,"minecraft:walk_on_water_one_cm":3699,"minecraft:total_world_time":58062,"minecraft:fall_one_cm":18505},"minecraft:dropped":{"minecraft:stone_axe":1,"minecraft:rotten_flesh":3,"minecraft:carrot":4,"minecraft:stick":4,"minecraft:dark_oak_log":2,"born_in_chaos_v1:corpse_maggot":15,"minecraft:purple_bed":1,"minecraft:spider_eye":2,"minecraft:bone":2},"minecraft:used":{"epicfight:skillbook":1,"minecraft:chainmail_helmet":1,"minecraft:crafting_table":2,"minecraft:spruce_log":1,"minecraft:spruce_boat":2,"minecraft:bread":19,"minecraft:stone_axe":92,"minecraft:purple_bed":2,"minecraft:potato":1},"minecraft:picked_up":{"born_in_chaos_v1:corpse_maggot":15,"minecraft:crafting_table":1,"minecraft:iron_chestplate":1,"minecraft:wheat":9,"born_in_chaos_v1:seedof_chaos":1,"minecraft:potato":1,"minecraft:string":1,"minecraft:armor_stand":2,"minecraft:bone":2,"minecraft:wheat_seeds":28,"tameablebeasts:purple_allay":1,"apotheosis:gem":3,"minecraft:pumpkin":5,"born_in_chaos_v1:ethereal_spirit":2,"epicfight:skillbook":1,"minecraft:spruce_log":3,"minecraft:dark_oak_log":2,"minecraft:spider_eye":2,"minecraft:arrow":6,"minecraft:purple_bed":4,"minecraft:rotten_flesh":6,"minecraft:stone_axe":1,"minecraft:crossbow":2,"minecraft:emerald":5,"minecraft:dark_oak_fence":2},"minecraft:mined":{"minecraft:dark_oak_leaves":1,"minecraft:crafting_table":1,"minecraft:dark_oak_fence":3,"luminousworld:mossbuds_2":1,"luminousworld:grassvariant_2":1,"luminousworld:blackberrybush":2,"minecraft:spruce_leaves":2,"minecraft:large_fern":1,"minecraft:purple_bed":3,"minecraft:wheat":11,"minecraft:spruce_log":3,"minecraft:pumpkin":5,"luminousworld:mossbuds_3":1,"minecraft:grass":4,"minecraft:potatoes":1,"minecraft:fern":6},"minecraft:killed":{"born_in_chaos_v1:zombie_lumberjack":1,"born_in_chaos_v1:swarmer":1,"minecraft:spider":2,"alexsmobs:seagull":1,"born_in_chaos_v1:decrepit_skeleton":1,"born_in_chaos_v1:maggot":1,"minecraft:pillager":6,"minecraft:zombie":2,"luminousworld:dark_oak_skeleton":4,"born_in_chaos_v1:corpse_fly":1,"undead_unleashed:haunter":1,"luminousworld:dark_oak_zombie":2},"minecraft:crafted":{"minecraft:crossbow":1,"minecraft:crafting_table":1,"minecraft:spruce_planks":16,"minecraft:stick":4,"minecraft:spruce_boat":2}},"DataVersion":3120}