{"stats":{"minecraft:broken":{"minecraft:stone_pickaxe":1,"minecraft:iron_sword":1},"minecraft:crafted":{"minecraft:oak_planks":40,"minecraft:stone_shovel":1,"minecraft:leather_boots":1,"minecraft:furnace":2,"minecraft:cooked_mutton":2,"minecraft:iron_boots":1,"minecraft:stone_pickaxe":2,"minecraft:chest":2,"sophisticatedbackpacks:iron_backpack":1,"sophisticatedbackpacks:backpack":1,"minecraft:crafting_table":2,"minecraft:jungle_boat":1,"minecraft:wooden_pickaxe":1,"minecraft:iron_sword":1,"sophisticatedbackpacks:gold_backpack":1,"minecraft:bucket":1,"minecraft:stone_axe":1,"minecraft:air":0,"minecraft:jungle_planks":20,"farmersdelight:cutting_board":1,"minecraft:iron_chestplate":1,"minecraft:shield":1,"sophisticatedbackpacks:diamond_backpack":1,"minecraft:stick":28,"minecraft:iron_ingot":34,"minecraft:iron_pickaxe":1,"minecraft:iron_leggings":1,"minecraft:sandstone":3,"minecraft:white_bed":1,"minecraft:torch":36,"minecraft:shears":1},"minecraft:custom":{"minecraft:mob_kills":62,"minecraft:interact_with_crafting_table":27,"minecraft:open_barrel":38,"minecraft:damage_dealt_resisted":0,"minecraft:leave_game":2,"minecraft:time_since_death":58629,"minecraft:climb_one_cm":1532,"minecraft:damage_resisted":0,"minecraft:sprint_one_cm":97572,"minecraft:walk_one_cm":390461,"minecraft:damage_blocked_by_shield":485,"minecraft:drop":14,"minecraft:play_time":99217,"minecraft:deaths":1,"minecraft:sneak_time":13559,"minecraft:walk_under_water_one_cm":93415,"minecraft:boat_one_cm":176111,"minecraft:jump":884,"minecraft:walk_on_water_one_cm":140080,"minecraft:total_world_time":99217,"minecraft:interact_with_furnace":43,"minecraft:sleep_in_bed":2,"minecraft:time_since_rest":58648,"minecraft:damage_taken":1976,"minecraft:damage_absorbed":58,"minecraft:damage_dealt":11838,"minecraft:swim_one_cm":21468,"minecraft:fly_one_cm":99844,"minecraft:open_chest":59,"minecraft:crouch_one_cm":42741,"minecraft:fall_one_cm":10077,"minecraft:inspect_dispenser":1},"minecraft:used":{"minecraft:stone_shovel":26,"minecraft:chest":2,"minecraft:shield":13,"minecraft:iron_sword":271,"simpletomb:grave_key":1,"minecraft:iron_chestplate":1,"minecraft:torch":30,"minecraft:dirt":2,"undead_unleashed:grave_metal_axe":1,"minecraft:iron_boots":1,"farmersdelight:cutting_board":1,"minecraft:magma_block":4,"minecraft:furnace":4,"minecraft:oak_sapling":2,"minecraft:egg":2,"minecraft:iron_leggings":1,"epicfight:skillbook":1,"minecraft:cooked_mutton":2,"minecraft:quartz_bricks":1,"minecraft:water_bucket":62,"minecraft:stone_pickaxe":200,"minecraft:wooden_pickaxe":17,"minecraft:sandstone":32,"minecraft:jungle_boat":3,"minecraft:golden_apple":3,"minecraft:crafting_table":10,"minecraft:white_bed":1,"minecraft:melon_slice":73,"minecraft:iron_pickaxe":109,"minecraft:stone_axe":103,"minecraft:cobblestone":47,"minecraft:andesite":18,"minecraft:bucket":63},"minecraft:killed":{"born_in_chaos_v1:zombie_clown":1,"born_in_chaos_v1:zombie_lumberjack":1,"born_in_chaos_v1:restless_spirit":1,"minecraft:spider":1,"born_in_chaos_v1:maggot":2,"minecraft:skeleton":23,"luminousworld:savannah_zombie":2,"minecraft:husk":6,"luminousworld:hollow":2,"minecraft:creeper":2,"luminousworld:savannah_skeleton":2,"minecraft:zombie":4,"minecraft:wither_skeleton":7},"minecraft:picked_up":{"minecraft:crafting_table":10,"minecraft:leather_leggings":6,"minecraft:gold_block":8,"minecraft:shield":2,"farmersdelight:cutting_board":1,"minecraft:string":5,"minecraft:red_nether_bricks":1,"minecraft:blackstone":1,"minecraft:diamond_leggings":3,"minecraft:player_head":1,"minecraft:iron_pickaxe":5,"minecraft:chest":5,"minecraft:melon_slice":74,"minecraft:sugar_cane":9,"minecraft:furnace":4,"minecraft:egg":2,"minecraft:sandstone":29,"minecraft:raw_iron":51,"minecraft:stick":1,"apotheosis:gem":4,"minecraft:torch":1,"epicfight:skillbook":1,"minecraft:polished_blackstone_bricks":2,"born_in_chaos_v1:pieceofdarkmetal":2,"minecraft:stone_shovel":1,"minecraft:arrow":29,"minecraft:rotten_flesh":13,"minecraft:diamond_chestplate":4,"minecraft:diamond_boots":3,"architects_palette:withered_bone":10,"minecraft:polished_blackstone":1,"minecraft:blaze_rod":2,"minecraft:skeleton_skull":3,"minecraft:white_wool":3,"minecraft:cobblestone":141,"minecraft:magma_block":10,"minecraft:leather_chestplate":2,"minecraft:jungle_boat":3,"minecraft:andesite":18,"minecraft:jungle_log":5,"minecraft:leather":4,"paraglider:spirit_orb":8,"minecraft:flint":1,"minecraft:oak_log":30,"minecraft:chainmail_chestplate":9,"minecraft:gunpowder":4,"minecraft:nether_wart_block":1,"minecraft:wither_skeleton_skull":1,"minecraft:dirt":20,"minecraft:leather_boots":5,"minecraft:bone":41,"minecraft:apple":2,"minecraft:wheat_seeds":1,"minecraft:iron_ingot":10,"minecraft:diamond_helmet":2,"minecraft:iron_sword":1,"minecraft:chiseled_polished_blackstone":2,"born_in_chaos_v1:ethereal_spirit":2,"minecraft:gravel":11,"minecraft:sand":14,"undead_unleashed:grave_metal_scrap":21,"magistuarmory:steel_pavese":1,"minecraft:dark_oak_log":2,"minecraft:barrel":10,"minecraft:spider_eye":2,"minecraft:leather_helmet":1,"minecraft:quartz_bricks":2,"minecraft:stone_axe":1,"minecraft:iron_helmet":5,"knight_quest:kq_great_essence":4,"undead_unleashed:grave_metal_axe":1,"minecraft:oak_sapling":2,"minecraft:coal":30,"minecraft:diamond_pickaxe":1},"minecraft:dropped":{"minecraft:wheat_seeds":1,"minecraft:polished_blackstone":1,"minecraft:flint":1,"minecraft:nether_wart_block":1,"minecraft:iron_leggings":1,"minecraft:chiseled_polished_blackstone":1,"minecraft:blaze_rod":1,"minecraft:iron_boots":1,"minecraft:quartz_bricks":1,"minecraft:leather_chestplate":1,"minecraft:iron_chestplate":1,"apotheosis:gem":1,"minecraft:leather_leggings":1,"minecraft:red_nether_bricks":1},"minecraft:mined":{"minecraft:red_nether_bricks":2,"minecraft:chiseled_polished_blackstone":2,"minecraft:grass_block":5,"minecraft:jungle_log":5,"minecraft:cracked_polished_blackstone_bricks":1,"minecraft:sandstone":29,"minecraft:spawner":5,"minecraft:polished_blackstone_bricks":5,"minecraft:magma_block":10,"minecraft:furnace":4,"minecraft:iron_ore":50,"minecraft:barrel":10,"minecraft:andesite":19,"minecraft:gold_block":7,"minecraft:stone":133,"minecraft:white_wool":3,"minecraft:podzol":3,"minecraft:blackstone":3,"minecraft:crafting_table":10,"minecraft:melon":15,"minecraft:chest":5,"minecraft:cobblestone":10,"minecraft:quartz_bricks":5,"minecraft:sugar_cane":5,"minecraft:wall_torch":1,"minecraft:skeleton_skull":3,"minecraft:nether_wart_block":3,"farmersdelight:cutting_board":1,"minecraft:grass":2,"minecraft:oak_log":28,"minecraft:coal_ore":28,"luminousworld:ishstone":4,"minecraft:gravel":12,"minecraft:sand":14,"minecraft:dirt":12,"minecraft:polished_blackstone":3,"minecraft:oak_leaves":15}},"DataVersion":3120}